Fonte: https://tempo.inmet.gov.br/TabelaEstacoes/A001;;;;;;;;;;;;;;;;;;;;
;;;;;;;;;;;;;;;;;;;;
;média;quantil 0,25;quantil 0,75;;;;;;;;;;;;;;;;;
;24,13811475;22,575;25,125;;;;;;;;;;;;;;;;;
Data;Hora (UTC);hora-utc;hora-salvador;Temp. Max. (C);Temp. Ins. (C);Temp. Min. (C);Umi. Ins. (%);Umi. Max. (%);Umi. Min. (%);Pto Orvalho Ins. (C);Pto Orvalho Max. (C);Pto Orvalho Min. (C);Pressao Ins. (hPa);Pressao Max. (hPa);Pressao Min. (hPa);Vel. Vento (m/s);Dir. Vento (m/s);Raj. Vento (m/s);Radiacao (KJ/m²);Chuva (mm)
01/08/2024;0;00:00;21:00;24,3;24,2;24,1;73;75;72;19;19,4;19;1014,8;1014,8;1014,5;1,9;168;6,1;;0
01/08/2024;100;01:00;22:00;24,5;24,3;24,1;73;74;72;19,1;19,4;19;1015;1015,1;1014,8;1,7;167;6,9;;0
01/08/2024;200;02:00;23:00;24,4;24,1;24;72;74;69;18,7;19,3;18,3;1015;1015,1;1015;1,7;166;7;;0
01/08/2024;300;03:00;00:00;24,5;24,3;24,1;72;73;70;18,8;19,1;18,5;1014,6;1015;1014,6;2;163;6,6;;0
01/08/2024;400;04:00;01:00;24,4;24,1;24,1;73;75;71;18,9;19,6;18,8;1014,1;1014,6;1014,1;1,4;154;5,5;;0
01/08/2024;500;05:00;02:00;24,2;24,1;23,9;74;75;73;19,2;19,3;18,9;1013,7;1014,1;1013,7;1,5;163;7;;0
01/08/2024;600;06:00;03:00;24,1;23,9;23,8;76;76;74;19,5;19,5;19;1013,3;1013,7;1013,3;1,6;152;5,6;;0
01/08/2024;700;07:00;04:00;24;23,8;23,8;77;77;74;19,5;19,6;19,1;1013,4;1013,4;1013,3;1,4;153;6,1;;0
01/08/2024;800;08:00;05:00;24;23,7;23,7;78;78;75;19,7;19,8;19,2;1013,5;1013,5;1013,3;1,5;170;6;;0
01/08/2024;900;09:00;06:00;23,9;23,9;23,6;79;79;76;20;20;19,4;1014;1014;1013,5;1,6;167;5,5;;0
01/08/2024;1000;10:00;07:00;24,3;24,2;23,9;79;81;78;20,3;20,6;20;1014,5;1014,5;1014;1,5;168;6,2;116,4;0
01/08/2024;1100;11:00;08:00;25;24,9;24,1;76;80;76;20,4;20,7;20,3;1015;1015;1014,5;2;174;5,7;397,1;0
01/08/2024;1200;12:00;09:00;26,2;25,4;24,9;75;77;72;20,5;21,3;20,3;1015,5;1015,5;1015;2,4;174;6,9;1163;0
01/08/2024;1300;13:00;10:00;26,7;26,6;24,9;72;79;71;21,1;21,5;20,4;1015,6;1015,7;1015,5;2;169;6,9;1399,7;0
01/08/2024;1400;14:00;11:00;27,9;27,6;26,4;67;74;67;20,9;22;20,8;1015,4;1015,6;1015,4;1,4;167;5,8;2278,5;0
01/08/2024;1500;15:00;12:00;28,5;28,1;27;67;70;63;21,5;21,6;20,5;1014,7;1015,4;1014,7;1;158;6;2916,7;0
01/08/2024;1600;16:00;13:00;28,4;27,7;27,4;66;70;65;20,8;21,8;20,5;1013,9;1014,7;1013,9;1,4;158;4,3;2588,7;0
01/08/2024;1700;17:00;14:00;28,5;22,9;22,9;86;86;64;20,3;22;20,1;1013,7;1013,9;1013,4;1,7;129;5,9;1862,8;3,4
01/08/2024;1800;18:00;15:00;24,8;24,8;22,2;87;92;86;22,6;22,9;20,5;1013,1;1013,7;1013,1;0,6;150;5,5;880,4;1
01/08/2024;1900;19:00;16:00;25,5;24,5;24,4;84;87;80;21,5;22,6;20,9;1012,9;1013,1;1012,9;1,3;176;3,1;1442;0
01/08/2024;2000;20:00;17:00;25;23,7;23,5;87;87;84;21,4;22,4;20,9;1013,1;1013,1;1012,9;1,3;173;4,6;425,7;0
01/08/2024;2100;21:00;18:00;24;23,9;23,6;86;88;85;21,3;21,6;21,2;1013,4;1013,4;1013,1;1,5;159;6,1;19,7;0
01/08/2024;2200;22:00;19:00;24;23,4;23;91;91;85;21,8;21,8;21,2;1013,8;1013,8;1013,4;1,1;145;6,1;;1
01/08/2024;2300;23:00;20:00;23,5;23,4;23,1;88;91;87;21,2;21,8;21,2;1014,2;1014,2;1013,8;1,4;145;4,9;;0
02/08/2024;2400;00:00;21:00;23,8;23,7;23,4;85;88;85;21;21,3;20,9;1014,4;1014,4;1014,2;1,5;158;4,8;;0
02/08/2024;2500;01:00;22:00;24,1;24;23,6;85;85;83;21,2;21,2;20,8;1014,4;1014,5;1014,4;1,5;154;5,6;;0
02/08/2024;2600;02:00;23:00;24,1;24;23,7;82;86;82;20,7;21,3;20,7;1014,4;1014,4;1014,3;1,4;149;6,5;;0
02/08/2024;2700;03:00;00:00;24,2;24,1;23,8;81;83;81;20,7;20,9;20,6;1014;1014,4;1014;1,7;157;5,4;;0
02/08/2024;2800;04:00;01:00;24,1;23,9;23,8;82;83;81;20,6;21;20,6;1013,6;1014;1013,6;1,3;145;5,4;;0
02/08/2024;2900;05:00;02:00;24,1;24;23,8;82;82;80;20,6;20,8;20,2;1013;1013,6;1013;1,3;143;6,3;;0
02/08/2024;3000;06:00;03:00;24;23,8;23,7;82;82;81;20,5;20,6;20,3;1012,6;1013;1012,5;1;140;5;;0
02/08/2024;3100;07:00;04:00;24;23,3;23,3;83;83;78;20,2;20,7;19,6;1012,7;1012,7;1012,5;1,4;166;4,8;;0
02/08/2024;3200;08:00;05:00;23,5;23,5;22,9;86;87;83;21;21,1;20,1;1012,9;1012,9;1012,6;1,1;139;4,4;;0
02/08/2024;3300;09:00;06:00;23,9;23,9;23,5;80;86;79;20,2;21;20,1;1013,2;1013,2;1012,9;1,2;154;5,5;;0
02/08/2024;3400;10:00;07:00;24,1;22,8;22,6;91;91;80;21,3;21,3;20,1;1013,7;1013,7;1013,2;1,1;148;5,2;151,1;1,8
02/08/2024;3500;11:00;08:00;23,4;23;22,6;91;91;89;21,4;21,5;20,9;1014,6;1014,6;1013,7;1,8;176;5,4;298,6;1,6
02/08/2024;3600;12:00;09:00;24,5;24,5;22,9;88;92;88;22,4;22,5;21,1;1015;1015;1014,6;1;138;6,5;1084,3;0
02/08/2024;3700;13:00;10:00;26,1;25,9;24,5;75;88;74;21,1;22,4;20,6;1015,1;1015,1;1015;1,6;142;7,2;2268,5;0
02/08/2024;3800;14:00;11:00;26,7;26,2;24,9;77;79;73;21,9;22,2;20,5;1014,8;1015,1;1014,8;1,5;146;6,1;2329,9;0
02/08/2024;3900;15:00;12:00;27,3;26,7;25,7;70;77;69;20,8;21,9;20,2;1014;1014,8;1014;1,6;154;5,3;2664,2;0
02/08/2024;4000;16:00;13:00;27,4;27,4;26,3;67;74;65;20,8;21,5;20;1013,4;1014;1013,4;1,6;147;6,4;2483,2;0
02/08/2024;4100;17:00;14:00;27,7;27,3;26,8;67;69;64;20,7;21;20;1012,8;1013,4;1012,8;1,3;148;6,4;2377,1;0
02/08/2024;4200;18:00;15:00;27,5;26,8;26,5;66;72;66;20;21,3;20;1012,5;1012,8;1012,4;1,8;143;6,2;1818,1;0
02/08/2024;4300;19:00;16:00;26,9;26,1;25,8;70;73;66;20,3;20,8;19,9;1012,7;1012,7;1012,5;1,2;140;6,2;1264,6;0
02/08/2024;4400;20:00;17:00;26,1;24,7;24,7;75;76;70;20,1;20,4;19,6;1012,7;1012,7;1012,6;1,2;149;6;451,6;0
02/08/2024;4500;21:00;18:00;24,8;24,5;24,4;76;77;75;20;20,3;19,7;1012,9;1012,9;1012,7;1,5;133;6,5;18,7;0
02/08/2024;4600;22:00;19:00;24,6;24,4;24,3;76;78;75;19,8;20,3;19,8;1013,1;1013,1;1012,8;1,7;139;6,2;;0
02/08/2024;4700;23:00;20:00;24,4;24,3;24,1;76;79;74;19,7;20,3;19,6;1013,6;1013,7;1013,1;1,7;133;7;;0
03/08/2024;4800;00:00;21:00;24,4;24,2;24,1;78;79;75;20,2;20,3;19,7;1014;1014;1013,6;1,5;142;7,2;;0
03/08/2024;4900;01:00;22:00;24,4;24,3;24,1;77;79;77;20;20,3;20;1014,2;1014,2;1013,9;1,5;146;5,5;;0
03/08/2024;5000;02:00;23:00;24,5;24,4;24,1;78;79;77;20,4;20,5;20;1014,3;1014,3;1014,2;1,9;155;5,6;;0
03/08/2024;5100;03:00;00:00;24,5;24,3;24,3;79;80;77;20,4;20,7;20,1;1013,9;1014,3;1013,9;1,6;130;6,3;;0
03/08/2024;5200;04:00;01:00;24,4;24,2;24,1;78;79;76;20,2;20,4;19,9;1013,5;1013,9;1013,4;1,2;131;6,8;;0
03/08/2024;5300;05:00;02:00;24,3;23,9;23,8;76;79;73;19,3;20,4;19;1012,9;1013,5;1012,9;1;122;5,3;;0
03/08/2024;5400;06:00;03:00;24,2;24;23,8;77;77;75;19,7;19,9;19,2;1012,4;1012,9;1012,4;1,3;130;6,2;;0
03/08/2024;5500;07:00;04:00;24,1;23,9;23,5;75;77;75;19,3;19,7;19;1012,4;1012,5;1012,4;1,3;118;6,2;;0
03/08/2024;5600;08:00;05:00;23,9;23,7;23,5;74;77;73;18,7;19,4;18,6;1012,5;1012,5;1012,4;1,2;113;6;;0
03/08/2024;5700;09:00;06:00;23,8;23,6;23,3;76;78;72;19,1;19,3;18,5;1012,7;1012,8;1012,5;1;77;5,1;;0
03/08/2024;5800;10:00;07:00;24;24;23,6;75;76;73;19,4;19,4;18,8;1013,3;1013,3;1012,7;0,9;104;4,8;122,4;0
03/08/2024;5900;11:00;08:00;25,2;25;24;71;76;70;19,4;20;19,3;1014;1014;1013,3;1,2;138;5;473,8;0
03/08/2024;6000;12:00;09:00;26,6;26,6;25;66;71;64;19,9;19,9;18,8;1014,6;1014,6;1014;1,4;105;5,5;1632,7;0
03/08/2024;6100;13:00;10:00;27,4;27,1;26,6;63;66;61;19,4;20,1;18,8;1014,8;1014,8;1014,6;1,4;115;5,7;2377,2;0
03/08/2024;6200;14:00;11:00;27,9;27,5;27,1;62;65;60;19,6;20,4;19,1;1014,7;1014,9;1014,7;1,4;129;5,6;2663,1;0
03/08/2024;6300;15:00;12:00;28,4;23,1;23,1;78;78;60;19,1;20,5;18,9;1014,8;1015;1014,4;2,1;74;7,5;1951,7;0
03/08/2024;6400;16:00;13:00;27,4;27,1;22,9;62;80;57;19,2;20,6;17,7;1013,6;1014,8;1013,6;1,1;141;5,9;2040,3;0
03/08/2024;6500;17:00;14:00;28;26,5;26,4;70;70;58;20,5;20,7;18,8;1012,8;1013,6;1012,8;1,3;146;5,5;2098,4;0
03/08/2024;6600;18:00;15:00;26,5;26;24,1;71;79;69;20,4;21;19,1;1012,6;1013;1012,6;1,1;140;6,3;1045,6;0,2
03/08/2024;6700;19:00;16:00;26,8;26,1;25,9;70;72;68;20,2;20,9;19,6;1012,4;1012,6;1012,3;1,4;125;6,2;1379,5;0
03/08/2024;6800;20:00;17:00;26,2;24,6;24,6;75;76;69;19,9;20,3;19,6;1012,6;1012,7;1012,4;0,7;160;6,2;324,9;0
03/08/2024;6900;21:00;18:00;24,7;24,5;24,3;75;77;74;19,8;20;19,6;1012,5;1012,7;1012,5;1,2;144;5,5;24,2;0
03/08/2024;7000;22:00;19:00;24,6;22,8;22,5;89;89;75;20,8;20,8;19,8;1012,9;1012,9;1012,5;1,2;126;6;;0,6
03/08/2024;7100;23:00;20:00;23,4;22,9;22,6;82;89;82;19,7;20,9;19,7;1013,6;1013,6;1012,9;1,1;105;4,9;;0
04/08/2024;7200;00:00;21:00;23,7;23,7;23;76;82;76;19,2;19,8;18,9;1014,1;1014,1;1013,5;1,1;115;5,9;;0
04/08/2024;7300;01:00;22:00;23,9;23,8;23,4;74;76;73;18,9;19,1;18,6;1014,4;1014,4;1014,1;0,9;99;6,1;;0
04/08/2024;7400;02:00;23:00;24,2;23,9;23,6;74;74;72;18,9;18,9;18,4;1014,3;1014,5;1014,3;1,2;96;5,9;;0
04/08/2024;7500;03:00;00:00;24,1;23,6;23,4;80;81;72;20;20,1;18,8;1013,9;1014,3;1013,8;1,2;119;5,8;;0,2
04/08/2024;7600;04:00;01:00;23,7;23,4;23,2;76;82;75;19;20;18,9;1013,2;1013,9;1013,2;1,1;101;4,3;;0
04/08/2024;7700;05:00;02:00;23,7;23,6;23,2;74;76;74;18,7;18,9;18,6;1012,8;1013,2;1012,7;0,9;100;4,6;;0
04/08/2024;7800;06:00;03:00;24;23;22,9;80;80;74;19,3;19,3;18,6;1012,5;1012,8;1012,5;1;112;5,9;;0
04/08/2024;7900;07:00;04:00;23,5;23,5;22,9;82;84;80;20,3;20,4;19,4;1012,4;1012,5;1012,3;0,9;103;4,2;;0
04/08/2024;8000;08:00;05:00;23,6;23,3;23;83;83;81;20,2;20,4;19,8;1012,5;1012,5;1012,2;0,6;113;4,5;;0
04/08/2024;8100;09:00;06:00;23,9;23,8;23,1;80;84;77;20,2;20,3;19,3;1012,7;1012,7;1012,5;1,1;125;4,8;;0
04/08/2024;8200;10:00;07:00;23,8;22,4;21,8;93;93;80;21,2;21,3;19,9;1013,5;1013,5;1012,7;0,7;100;6,4;170,9;2,4
04/08/2024;8300;11:00;08:00;23,9;23,9;22,3;88;93;87;21,7;22,1;21,1;1014;1014;1013,5;1,2;90;4,2;571,1;0
04/08/2024;8400;12:00;09:00;24,5;23,9;22,8;87;90;80;21,7;21,9;20,3;1014,8;1014,8;1014;0,8;126;5,3;1070,3;0,4
04/08/2024;8500;13:00;10:00;26;26;23,9;72;87;72;20,6;22,5;20,5;1014,9;1014,9;1014,8;1,5;101;4,8;1682;0
04/08/2024;8600;14:00;11:00;27,5;27,5;25,8;68;73;64;21;21,2;19,9;1014,6;1014,9;1014,6;1,2;81;5,9;2809,3;0,2
04/08/2024;8700;15:00;12:00;28,1;27,4;27,3;67;69;61;20,7;21,5;19,8;1014;1014,6;1014;1,5;114;7,1;3003,1;0
04/08/2024;8800;16:00;13:00;27,8;26,8;24,5;71;80;63;21;21,9;19,8;1013,3;1014;1013,2;1,4;79;6,4;2396,5;0
04/08/2024;8900;17:00;14:00;27,6;27,3;26;61;76;59;19;22,2;18,6;1012,7;1013,3;1012,7;1,5;72;6,4;1686,1;0
04/08/2024;9000;18:00;15:00;27,7;27,4;26,8;61;64;58;19,1;19,9;18,2;1012,8;1012,8;1012,7;1,1;90;5,4;1924,6;0
04/08/2024;9100;19:00;16:00;27,4;26;25,7;69;69;60;19,8;20,5;18,8;1012,7;1012,8;1012,6;1,4;117;5,1;1286,5;0
04/08/2024;9200;20:00;17:00;26,1;25;24,9;72;72;66;19,6;19,9;19,2;1013;1013;1012,6;1,2;123;6;520,2;0
04/08/2024;9300;21:00;18:00;25;24,6;24,4;76;76;72;20,1;20,1;19,5;1013,3;1013,3;1013;1,1;136;4,9;24,8;0
04/08/2024;9400;22:00;19:00;24,6;24,2;24,1;77;79;76;19,8;20,4;19,8;1013,8;1013,8;1013,2;1;113;4,9;;0
04/08/2024;9500;23:00;20:00;24,4;24,3;23,7;74;78;74;19,4;19,9;19,3;1014,4;1014,4;1013,8;1,2;104;4;;0
05/08/2024;9600;00:00;21:00;24,4;23,9;23,9;76;76;73;19,4;19,6;19;1014,7;1014,7;1014,4;0,6;74;4,3;;0
05/08/2024;9700;01:00;22:00;24,2;24;23,8;77;78;76;19,7;20;19,4;1014,8;1014,9;1014,7;1;108;3,8;;0
05/08/2024;9800;02:00;23:00;24,1;23,2;23,2;84;84;77;20,4;20,5;19,6;1014,9;1015;1014,8;1,1;117;3,9;;0
05/08/2024;9900;03:00;00:00;23,2;22,1;22;93;93;84;20,9;20,9;19,8;1014,3;1014,9;1014,3;0,6;84;3;;1,8
05/08/2024;10000;04:00;01:00;22,4;21,4;21,3;94;94;92;20,3;21,3;20,2;1013,9;1014,4;1013,9;0,9;120;5,8;;0,4
05/08/2024;10100;05:00;02:00;21,7;21,7;21,3;93;94;93;20,5;20,6;20,2;1012,9;1013,9;1012,9;0,4;131;3,3;;0
05/08/2024;10200;06:00;03:00;22,1;22;21,6;93;94;93;20,8;21;20,4;1012,8;1013,1;1012,8;0,8;42;3,1;;0
05/08/2024;10300;07:00;04:00;22,2;21,1;21,1;93;94;92;20;21;20;1012,7;1013;1012,6;0,8;49;6;;1,4
05/08/2024;10400;08:00;05:00;21,7;21,7;21,1;92;93;92;20,4;20,4;19,9;1012,9;1013;1012,7;0,9;62;4,2;;0
05/08/2024;10500;09:00;06:00;22,2;22,2;21,7;91;92;91;20,6;20,7;20,3;1013,4;1013,4;1012,9;0,9;63;4,1;;0
05/08/2024;10600;10:00;07:00;22,2;22,2;21,8;90;91;89;20,4;20,6;20,1;1014;1014;1013,4;1,1;44;3,8;129,4;0
05/08/2024;10700;11:00;08:00;22,7;22,6;22;89;90;87;20,7;20,8;19,9;1014,6;1014,6;1014;0,7;55;6,6;443,4;0,2
05/08/2024;10800;12:00;09:00;24,8;24,8;22,5;81;90;81;21,4;21,6;20,7;1015,2;1015,2;1014,6;1;85;5,1;1029,3;0
05/08/2024;10900;13:00;10:00;27,2;26,6;24,8;67;82;63;19,9;22,2;19,2;1015,4;1015,5;1015,1;1,8;108;7,3;2220;0
05/08/2024;11000;14:00;11:00;27,5;27,4;26,6;66;69;61;20,5;20,6;19;1014,9;1015,4;1014,9;1,3;104;7,6;2878,7;0
05/08/2024;11100;15:00;12:00;27,7;27,6;27;64;67;62;20,1;20,8;19,4;1014,4;1014,9;1014,3;1,5;92;7,7;2955,4;0
05/08/2024;11200;16:00;13:00;28;27,8;27,1;63;67;61;20;21,1;19,1;1013,6;1014,4;1013,6;1,3;80;7,7;2674,1;0
05/08/2024;11300;17:00;14:00;27,9;27,6;27,2;64;65;61;20,2;20,6;19,4;1012,7;1013,6;1012,7;1,6;93;5,3;2305,7;0
05/08/2024;11400;18:00;15:00;27,8;27,4;26,1;67;71;62;20,8;20,9;19,1;1012,4;1012,7;1012,4;1;126;6,2;1705;0
05/08/2024;11500;19:00;16:00;27,5;26,2;25,6;69;73;66;20,1;20,8;19,6;1012,6;1012,6;1012,4;1,2;146;5,3;1102,6;0
05/08/2024;11600;20:00;17:00;26,2;24,5;24,5;73;74;68;19,5;20,3;19,3;1013;1013;1012,6;0,9;116;4,8;394,7;0
05/08/2024;11700;21:00;18:00;24,5;24,1;23,9;70;75;70;18,3;19,6;18,3;1013,4;1013,4;1013;0,8;123;3,9;18,3;0
05/08/2024;11800;22:00;19:00;24,3;23,8;23,8;66;71;64;17,2;18,4;16,9;1014;1014;1013,4;1,1;154;4,6;;0
05/08/2024;11900;23:00;20:00;24,2;23,9;23,7;64;67;62;16,8;17,2;16,4;1014,3;1014,3;1013,9;1,3;151;5,8;;0
06/08/2024;12000;00:00;21:00;24,1;23,9;23,6;66;67;63;17,2;17,2;16,5;1014,7;1014,8;1014,3;1,3;154;5,1;;0
06/08/2024;12100;01:00;22:00;24,2;23,3;23,2;61;68;59;15,4;17,6;15,3;1014,9;1015;1014,7;0,7;120;5,6;;0
06/08/2024;12200;02:00;23:00;23,7;23;22,8;66;67;61;16,4;16,4;15,2;1014,8;1015;1014,8;0,8;137;4,3;;0
06/08/2024;12300;03:00;00:00;23,3;23;22,9;68;68;64;16,7;16,7;16,1;1014,1;1014,8;1014,1;0,8;132;3,9;;0
06/08/2024;12400;04:00;01:00;23,5;23,5;22,9;72;72;68;18,2;18,2;16,7;1013,3;1014,1;1013,3;1;153;4,6;;0
06/08/2024;12500;05:00;02:00;23,8;22,8;22,8;77;78;71;18,5;19,2;18,1;1012,9;1013,3;1012,9;1,4;171;6,2;;0
06/08/2024;12600;06:00;03:00;22,8;22,4;22,2;82;82;76;19,2;19,2;18,3;1012,5;1012,9;1012,4;0,5;180;4,5;;0
06/08/2024;12700;07:00;04:00;22,8;21,5;21,4;92;92;81;20,2;20,2;19,2;1012,6;1012,6;1012,3;0,6;247;4,3;;2,8
06/08/2024;12800;08:00;05:00;21,6;20,7;20,7;92;93;92;19,4;20,2;19,4;1012,7;1012,8;1012,6;0,6;118;3,2;;0
06/08/2024;12900;09:00;06:00;21,3;21,2;20,7;93;93;92;20;20,1;19,4;1012,9;1012,9;1012,7;0,6;159;3,8;;0
06/08/2024;13000;10:00;07:00;22,2;22,1;21,2;91;93;91;20,5;20,7;20;1013,3;1013,3;1012,9;0,7;156;4,1;108,4;0
06/08/2024;13100;11:00;08:00;23,8;23,8;22,1;85;91;85;21,1;21,2;20,5;1013,9;1013,9;1013,3;0,8;164;4,5;394,8;0
06/08/2024;13200;12:00;09:00;24,8;24,8;23,5;81;85;81;21,3;21,5;20,7;1014,6;1014,6;1013,9;1,3;168;5;777,9;0
06/08/2024;13300;13:00;10:00;25,8;25,8;24,6;75;82;75;21,1;21,7;20,6;1014,4;1014,6;1014,4;1,9;170;4,9;1500,6;0
06/08/2024;13400;14:00;11:00;26,8;26,4;25,1;73;78;72;21,2;21,9;20,6;1014,1;1014,5;1014,1;1,5;178;5;2209,9;0
06/08/2024;13500;15:00;12:00;27,2;26,9;25,2;72;80;69;21,4;22;20,7;1013,4;1014,1;1013,4;1,5;167;4,6;2417,7;0
06/08/2024;13600;16:00;13:00;27,2;27;26,6;70;74;66;21;21,9;19,9;1012,5;1013,4;1012,5;1,3;170;4,9;2837,9;0
06/08/2024;13700;17:00;14:00;27,2;26,6;26,5;70;71;67;20,7;21,4;20,3;1011,4;1012,4;1011,4;1,3;162;4,2;2387,2;0
06/08/2024;13800;18:00;15:00;27,4;26,5;26,4;69;70;65;20,3;20,9;19,8;1010,9;1011,4;1010,9;1,2;160;4,8;2035,2;0
06/08/2024;13900;19:00;16:00;26,6;26;25,8;71;72;67;20,2;20,6;19,7;1011;1011;1010,9;1,3;136;3,9;1516,4;0
06/08/2024;14000;20:00;17:00;26;25;24,8;77;77;70;20,6;20,9;20;1011,1;1011,1;1011;0,8;103;4,3;575;0
06/08/2024;14100;21:00;18:00;25;24;23,8;81;81;76;20,5;20,6;20;1011,3;1011,3;1011,1;0,8;160;4,1;32;0
06/08/2024;14200;22:00;19:00;24,3;23,9;23,7;81;82;80;20,4;20,8;20,2;1011,6;1011,6;1011,3;0,8;142;3,9;;0
06/08/2024;14300;23:00;20:00;24,1;23,7;23,6;84;84;80;20,7;20,7;20,2;1011,7;1011,7;1011,5;0,9;143;5;;0
07/08/2024;14400;00:00;21:00;24;23,9;23,6;83;84;83;20,9;21;20,7;1012;1012;1011,7;1;150;5;;0
07/08/2024;14500;01:00;22:00;24;23,1;23;90;90;83;21,3;21,3;20,8;1012,4;1012,4;1012;0,8;145;5,5;;0,2
07/08/2024;14600;02:00;23:00;23,1;22,1;22;93;93;90;21;21,5;20,4;1012,2;1012,5;1012,2;0,3;340;2,8;;6
07/08/2024;14700;03:00;00:00;22,3;22,3;21,8;95;95;93;21,4;21,4;20,8;1012;1012,3;1012;0,4;119;1,9;;0
07/08/2024;14800;04:00;01:00;22,5;22,2;22,2;95;95;95;21,4;21,7;21,3;1011,5;1012;1011,5;0,5;105;3;;1,4
07/08/2024;14900;05:00;02:00;22,6;22,3;22,2;96;96;95;21,5;21,8;21,4;1010,9;1011,5;1010,9;0,6;58;3,3;;1,4
07/08/2024;15000;06:00;03:00;22,3;22,1;22;96;96;96;21,4;21,5;21,2;1010,5;1010,9;1010,4;0,6;59;2,9;;0
07/08/2024;15100;07:00;04:00;22,1;21,7;21,5;96;96;95;21;21,4;20,8;1010,7;1010,8;1010,5;0,5;77;2,9;;0
07/08/2024;15200;08:00;05:00;22,1;21,9;21,7;95;96;95;21,2;21,3;20,9;1010,7;1010,7;1010,6;0,9;34;3,2;;0,2
07/08/2024;15300;09:00;06:00;22;21,1;21,1;95;96;95;20,3;21,3;20,3;1011;1011,1;1010,6;1,2;41;4,3;0,8;2
07/08/2024;15400;10:00;07:00;21,4;21,4;20,8;96;96;95;20,7;20,7;20,1;1011,2;1011,2;1010,8;0,6;57;2,9;83,2;0
07/08/2024;15500;11:00;08:00;23,4;23,4;21,4;95;96;95;22,6;22,6;20,7;1012;1012;1011,2;0,6;66;2,3;401,4;0
07/08/2024;15600;12:00;09:00;25,2;24,6;23,4;86;95;82;22;23,5;21,5;1012,5;1012,5;1011,9;0,6;130;3,4;1289,6;0
07/08/2024;15700;13:00;10:00;25,7;25,1;24,6;84;86;80;22,3;22,5;21,6;1012,5;1012,6;1012,5;1;155;3,8;1553;0
07/08/2024;15800;14:00;11:00;26,7;26;25,1;78;85;75;21,8;23,1;21,4;1012,1;1012,5;1012,1;1,2;146;3,9;2315,7;0
07/08/2024;15900;15:00;12:00;26,9;26,6;26;77;82;73;22,4;22,9;21,4;1011,2;1012,1;1011,2;1,4;153;5,3;2493,7;0,2
07/08/2024;16000;16:00;13:00;26,8;25,9;25,9;79;81;74;21,9;22,8;21,5;1010,7;1011,3;1010,7;1,6;135;5,3;2822,3;0
07/08/2024;16100;17:00;14:00;26,6;26,5;25,5;77;82;76;22,2;22,9;21,6;1009,9;1010,7;1009,9;1,5;157;6;2123,4;0
07/08/2024;16200;18:00;15:00;26,5;25,8;24,9;80;84;76;22,1;22,6;21;1009,6;1009,9;1009,6;1,1;117;6;1438,9;0
07/08/2024;16300;19:00;16:00;25,8;24,3;24,3;83;85;80;21,2;22;21,1;1009,6;1009,6;1009,4;1,3;97;5,4;594,6;0
07/08/2024;16400;20:00;17:00;24,3;23,4;23,2;91;91;83;21,7;22,1;20,8;1009,6;1009,7;1009,4;1,2;87;4,9;184,4;0
07/08/2024;16500;21:00;18:00;23,5;23,4;23,1;85;91;85;20,8;21,7;20,8;1009,6;1009,8;1009,6;1,4;94;6,4;17,4;0
07/08/2024;16600;22:00;19:00;23,5;23,4;23,2;85;88;85;20,8;21,3;20,7;1010,2;1010,2;1009,6;1,2;95;6,3;;0
07/08/2024;16700;23:00;20:00;23,6;22,8;22,7;90;90;85;20,9;21,3;20,7;1010,7;1010,8;1010,2;0,8;129;6,8;;0,2
08/08/2024;16800;00:00;21:00;23,9;23,9;22,7;82;90;82;20,7;21,4;20,7;1010,9;1010,9;1010,7;1,4;99;5,4;0,3;0
08/08/2024;16900;01:00;22:00;24;23,9;23,5;79;84;79;20,2;20,8;20,1;1011,2;1011,2;1010,9;0,9;69;5,4;;0
08/08/2024;17000;02:00;23:00;24,1;24,1;23,8;79;80;78;20,2;20,4;20;1011,1;1011,2;1011,1;1,2;128;4,4;;0
08/08/2024;17100;03:00;00:00;24,2;24;23,9;81;82;79;20,5;20,8;20,2;1010,7;1011,1;1010,7;1;107;4,9;;0
08/08/2024;17200;04:00;01:00;24,2;23,7;23,7;82;83;80;20,4;20,8;20,4;1010,3;1010,7;1010,3;1,1;123;5,1;;0
08/08/2024;17300;05:00;02:00;24,1;24,1;23,7;79;82;76;20,2;20,4;19,5;1009,7;1010,3;1009,7;1,3;137;5,8;;0
08/08/2024;17400;06:00;03:00;24,1;23,5;23,3;74;81;72;18,5;20,2;18,3;1009,5;1009,7;1009,4;1,1;94;5,8;;0
08/08/2024;17500;07:00;04:00;23,7;23,1;22,9;77;78;70;18,8;18,9;17,8;1009,5;1009,6;1009,4;0,9;61;6;;0
08/08/2024;17600;08:00;05:00;23,9;23;22,9;76;79;65;18,6;19,1;17;1009,8;1009,9;1009,5;1,2;151;5;;0
08/08/2024;17700;09:00;06:00;23,4;23,3;23;71;77;69;17,8;18,9;17,4;1010;1010;1009,7;1,1;189;5,3;;0
08/08/2024;17800;10:00;07:00;23,9;22;21,9;90;90;71;20,3;20,3;18;1010,9;1010,9;1010;0,7;37;4,4;63,4;0
08/08/2024;17900;11:00;08:00;22,7;22,2;21,9;92;92;89;20,8;21;20,3;1011,8;1011,8;1010,8;0,5;72;5,7;300,3;0,6
08/08/2024;18000;12:00;09:00;22,6;22,6;21,8;91;92;90;21,1;21,2;20,1;1012,5;1012,5;1011,8;0,4;360;3,1;617,6;0,2
08/08/2024;18100;13:00;10:00;23,2;22,8;22,3;89;93;89;20,9;22;20,8;1012,8;1012,8;1012,5;1,2;112;4,2;1017,8;1,2
08/08/2024;18200;14:00;11:00;23,1;23,1;22,4;93;93;89;21,8;21,8;20,7;1012,4;1012,9;1012,4;1,2;175;4,6;1211,3;0,4
08/08/2024;18300;15:00;12:00;24,3;22,5;22,5;90;93;86;20,8;22,5;20,8;1011,7;1012,4;1011,7;1,2;141;4,6;1510,6;0,2
08/08/2024;18400;16:00;13:00;25,8;25,8;22,5;79;92;79;21,9;23,3;21,4;1010,7;1011,7;1010,7;0,6;144;3,6;2130,7;0
08/08/2024;18500;17:00;14:00;26,3;24,7;24,7;82;82;74;21,4;22,2;20,5;1009,9;1010,7;1009,9;1,2;125;4,7;1628,3;0
08/08/2024;18600;18:00;15:00;25,6;24,2;24,2;84;84;75;21,3;22;20,7;1009,7;1009,9;1009,5;1,5;102;5,5;1260,1;0
08/08/2024;18700;19:00;16:00;24,6;24;23,7;80;88;80;20,4;22,1;20,4;1009,7;1009,7;1009,6;1;128;5;611,7;0
08/08/2024;18800;20:00;17:00;24;23,5;23,5;84;84;80;20,5;20,9;20,3;1009,8;1009,9;1009,7;1;95;3,6;205,5;0
08/08/2024;18900;21:00;18:00;23,6;23,3;23,1;77;84;76;19,1;20,6;19;1009,8;1009,9;1009,8;1;145;4,6;30,4;0
08/08/2024;19000;22:00;19:00;23,4;23,3;23;84;84;77;20,5;20,6;19,3;1010,5;1010,5;1009,8;0,6;121;4;;0
08/08/2024;19100;23:00;20:00;23,3;22,6;22,2;91;91;84;21,1;21,1;20,1;1011,2;1011,2;1010,5;0,7;97;5,3;;0,2
09/08/2024;19200;00:00;21:00;22,6;22;21,8;94;94;91;21;21,1;20,4;1011,5;1011,6;1011,2;0,7;56;3,4;;0,6
09/08/2024;19300;01:00;22:00;22,3;22,2;22;95;95;94;21,3;21,4;21;1011,8;1011,8;1011,5;0,6;87;2,3;;0,6
09/08/2024;19400;02:00;23:00;22,2;21,9;21,7;95;96;95;21,1;21,4;20,8;1011,7;1011,8;1011,7;0,7;164;3,7;;0,6
09/08/2024;19500;03:00;00:00;21,9;21,9;21,5;96;96;95;21,2;21,2;20,7;1011,5;1011,7;1011,4;0,3;153;2,7;;0
09/08/2024;19600;04:00;01:00;22,1;21,8;21,7;96;96;96;21,1;21,4;20,9;1011,5;1011,6;1011,5;0,6;75;4,1;;2
09/08/2024;19700;05:00;02:00;21,8;21,8;21,6;96;96;96;21,1;21,1;20,9;1010,9;1011,5;1010,9;0,5;129;2,7;;1,4
09/08/2024;19800;06:00;03:00;22;21,8;21,7;96;96;96;21,1;21,3;21,1;1010,5;1010,9;1010,5;0,2;170;1,9;;1
09/08/2024;19900;07:00;04:00;22;22;21,8;96;96;96;21,4;21,4;21,1;1010,7;1010,7;1010,5;0,5;42;2,1;;0
09/08/2024;20000;08:00;05:00;22;21,6;21,6;96;96;96;20,9;21,4;20,9;1010,8;1010,8;1010,6;0,7;18;3,5;;1,6
09/08/2024;20100;09:00;06:00;21,7;21,6;21,5;96;96;96;21;21,1;20,9;1011,2;1011,2;1010,8;1,4;21;3,5;0,8;1,2
09/08/2024;20200;10:00;07:00;22,1;22,1;21,6;96;96;96;21,5;21,5;21;1011,4;1011,4;1011,2;0,7;29;3,5;135,1;0
09/08/2024;20300;11:00;08:00;23,3;22,7;22,1;96;96;96;22;22,7;21,5;1012;1012;1011,5;0,6;152;2,2;475;0
09/08/2024;20400;12:00;09:00;22,9;22,8;22;96;96;96;22,1;22,2;21,3;1012,5;1012,6;1012,1;0,5;9;3;471,3;1
09/08/2024;20500;13:00;10:00;24,8;24,2;22,8;93;96;93;23;23,9;22,3;1012,7;1012,7;1012,5;1,4;38;3,5;1036,5;0
09/08/2024;20600;14:00;11:00;26,5;26,1;24,1;80;93;76;22,4;24,4;21,8;1012;1012,7;1012;0,9;62;3,5;2353,6;0
09/08/2024;20700;15:00;12:00;27;26,5;25,1;72;82;70;21,2;22,8;20,7;1011;1012;1011;1,2;46;4,6;2137,1;0,2
09/08/2024;20800;16:00;13:00;27,6;27,1;25,7;69;74;65;20,9;21,5;20;1010,1;1011,1;1010;1,2;68;4,4;2351,7;0
09/08/2024;20900;17:00;14:00;27,1;25,3;25,3;73;75;68;20,1;21,2;19,9;1009,6;1010,1;1009,6;1,4;102;4,6;1255;0
09/08/2024;21000;18:00;15:00;25,7;25,7;25;75;75;72;21;21;20;1009,3;1009,6;1009,3;1,2;88;5,6;948,3;0
09/08/2024;21100;19:00;16:00;26,3;25,8;25,6;71;75;68;20,1;21,1;19,4;1009,3;1009,3;1009,2;1,4;68;7;1416,6;0
09/08/2024;21200;20:00;17:00;25,8;24,5;24,5;74;76;70;19,6;20,3;19,5;1009,3;1009,3;1009,1;1,4;59;5;466,9;0
09/08/2024;21300;21:00;18:00;24,5;24;23,9;78;78;74;19,9;19,9;19,5;1009,3;1009,4;1009,2;1,1;58;4,7;16,6;0
09/08/2024;21400;22:00;19:00;24,1;23,7;23,6;78;78;75;19,6;19,8;19,4;1009,6;1009,6;1009,3;1;65;4,5;;0
09/08/2024;21500;23:00;20:00;23,7;23,5;23,4;79;80;77;19,6;19,9;19,5;1009,9;1009,9;1009,6;0,9;45;4,5;;0
10/08/2024;21600;00:00;21:00;23,8;23,4;23,4;79;79;77;19,6;19,7;19,5;1010,4;1010,4;1009,9;1,3;46;3,7;;0
10/08/2024;21700;01:00;22:00;23,5;23,1;23;81;81;79;19,7;19,8;19,6;1010,4;1010,5;1010,4;0,8;38;3,7;;0
10/08/2024;21800;02:00;23:00;23,2;22,4;22,3;85;86;81;19,8;19,9;19,6;1010,6;1010,6;1010,4;0,7;27;3;;0
10/08/2024;21900;03:00;00:00;22,4;22,4;22,2;86;87;85;19,9;19,9;19,7;1010,2;1010,7;1010,2;0,9;38;2,6;;0
10/08/2024;22000;04:00;01:00;22,4;21,8;21,8;87;87;85;19,6;19,8;19,5;1009,7;1010,2;1009,7;0,8;33;2,2;;0
10/08/2024;22100;05:00;02:00;22;21,6;21,5;88;88;87;19,6;19,8;19,5;1009,4;1009,7;1009,4;0,5;10;1,7;;0
10/08/2024;22200;06:00;03:00;21,7;21,5;21,4;89;89;87;19,6;19,6;19,4;1009,3;1009,5;1009,3;0,6;22;1,7;;0
10/08/2024;22300;07:00;04:00;21,5;21,4;21,2;90;90;89;19,6;19,6;19,4;1009,4;1009,4;1009,2;0,2;358;1,9;;0
10/08/2024;22400;08:00;05:00;21,4;21,2;21,1;89;90;89;19,4;19,6;19,4;1009,8;1009,8;1009,3;0,4;9;1,5;;0
10/08/2024;22500;09:00;06:00;21,2;20,9;20,8;91;91;89;19,4;19,5;19,3;1010,1;1010,2;1009,8;0,5;27;1,5;;0
10/08/2024;22600;10:00;07:00;21,8;21,8;20,9;91;92;91;20,3;20,3;19,4;1010,5;1010,5;1010,1;0,7;28;2,1;81,2;0
10/08/2024;22700;11:00;08:00;25,2;25,1;21,8;73;91;73;19,9;21;19,9;1011,2;1011,2;1010,5;1,2;36;3,4;465,8;0
10/08/2024;22800;12:00;09:00;26,1;25,9;24,9;72;76;69;20,4;20,9;19,7;1011,5;1011,5;1011,2;1;317;3,4;1589,7;0
10/08/2024;22900;13:00;10:00;26;25,8;24,9;73;77;72;20,5;21;20;1011,1;1011,5;1011,1;1;340;3,2;1425,4;0
10/08/2024;23000;14:00;11:00;26,3;26,2;25,4;71;75;69;20,5;21,3;20;1010,5;1011,1;1010,5;0,8;249;3;1513,8;0
10/08/2024;23100;15:00;12:00;27,5;25,6;25,6;75;76;66;20,9;21,2;19,8;1009,5;1010,5;1009,5;1;193;2,7;1442,4;0
10/08/2024;23200;16:00;13:00;27,4;27,4;25,5;69;77;67;21,1;22,2;20;1008,5;1009,5;1008,5;0,5;203;3,1;1460,3;0
10/08/2024;23300;17:00;14:00;28,3;27;26;71;73;62;21,3;21,7;19,7;1007,6;1008,5;1007,6;0,9;74;3,5;1408,4;0
10/08/2024;23400;18:00;15:00;27,7;26,8;26,2;71;73;68;21;21,9;20,5;1007,1;1007,6;1007,1;1,1;81;5,3;1425,2;0
10/08/2024;23500;19:00;16:00;27,3;26,3;26,1;71;71;68;20,6;21,6;20,2;1007,2;1007,2;1007;1,2;71;5;1424,5;0
10/08/2024;23600;20:00;17:00;26,4;25,2;25,2;73;73;69;20;20,5;19,9;1007,3;1007,4;1007,2;1,1;52;4,6;464,7;0
10/08/2024;23700;21:00;18:00;25,2;24,7;24,6;74;75;73;19,7;20,2;19,6;1007,6;1007,6;1007,2;1,3;50;4;16,1;0
10/08/2024;23800;22:00;19:00;24,7;24,3;24,2;78;78;73;20,1;20,1;19,6;1007,7;1007,7;1007,6;1,7;45;5,8;;0
10/08/2024;23900;23:00;20:00;24,3;24;24;81;81;77;20,5;20,5;20,1;1008,3;1008,3;1007,7;2;50;5,9;;0
11/08/2024;24000;00:00;21:00;24;23,7;23,7;83;83;81;20,6;20,7;20,5;1008,7;1008,7;1008,3;1,4;46;5,6;;0
11/08/2024;24100;01:00;22:00;23,9;23,6;23,6;83;83;82;20,6;20,7;20,5;1008,8;1008,9;1008,7;1,7;46;4,6;;0
11/08/2024;24200;02:00;23:00;23,7;23,5;23,5;84;84;83;20,6;20,7;20,6;1008,6;1008,8;1008,6;1,8;46;5,4;;0
11/08/2024;24300;03:00;00:00;23,6;23,5;23,4;82;84;82;20,4;20,6;20,3;1008,1;1008,6;1008,1;1,7;41;4,9;;0
11/08/2024;24400;04:00;01:00;23,6;23,3;23,3;84;84;82;20,4;20,5;20,3;1007,5;1008,1;1007,4;1,7;34;4,8;;0
11/08/2024;24500;05:00;02:00;23,3;23,1;23;86;86;84;20,5;20,6;20,3;1007,2;1007,5;1007,2;1,8;30;4,7;;0
11/08/2024;24600;06:00;03:00;23,1;22,7;22,7;88;88;86;20,6;20,7;20,5;1007,4;1007,4;1007,2;1;35;5;;0
11/08/2024;24700;07:00;04:00;22,7;22;22;91;91;88;20,4;20,6;20,4;1007,9;1007,9;1007,4;0,5;24;3,5;;0
11/08/2024;24800;08:00;05:00;22,1;22;21,8;92;93;91;20,7;20,7;20,4;1008,3;1008,3;1007,9;1,1;32;3;;0
11/08/2024;24900;09:00;06:00;22,1;21,9;21,8;93;93;92;20,7;20,8;20,6;1008,7;1008,7;1008,3;0,9;29;3,1;;0
11/08/2024;25000;10:00;07:00;22,9;22,9;21,8;91;93;91;21,4;21,4;20,6;1009,3;1009,3;1008,7;1,4;34;4,2;92,7;0
11/08/2024;25100;11:00;08:00;25,4;25,2;22,8;77;91;77;20,8;21,8;20,8;1010,6;1010,6;1009,3;0,8;91;4,5;481,3;0
11/08/2024;25200;12:00;09:00;26,2;26,2;25,2;77;79;75;21,9;21,9;20,9;1011,6;1011,6;1010,6;1,1;146;4,5;1264,5;0
11/08/2024;25300;13:00;10:00;27;27;26,1;75;77;73;22,1;22,3;21,4;1011,7;1011,7;1011,6;1,3;180;4,5;2300;0
11/08/2024;25400;14:00;11:00;27,7;27,4;26,8;74;76;72;22,3;22,8;21,7;1011,6;1011,7;1011,6;1;174;3,5;2906;0
11/08/2024;25500;15:00;12:00;28,1;28,1;27,1;75;76;72;23,2;23,2;21,8;1010,8;1011,6;1010,8;1,3;161;4;3023,4;0
11/08/2024;25600;16:00;13:00;28,4;27,6;27,6;70;75;68;21,8;23,3;21,6;1010;1010,8;1010;1,3;172;4;2817,5;0
11/08/2024;25700;17:00;14:00;28,9;28,4;27,6;67;72;65;21,6;22,7;21,4;1009,3;1010;1009,3;1,1;121;3,9;2232,4;0
11/08/2024;25800;18:00;15:00;28,5;27,7;27,5;67;69;66;21,1;22,2;20,9;1009,2;1009,3;1009,1;1,2;94;5;1980,6;0
11/08/2024;25900;19:00;16:00;27,8;26,3;26,3;75;75;67;21,6;22,1;21,3;1009,5;1009,5;1009,2;1,1;99;4,9;1291,8;0
11/08/2024;26000;20:00;17:00;26,8;25,4;25,4;81;81;75;21,8;22,2;21,5;1009,8;1009,8;1009,4;1;109;4;297;0
11/08/2024;26100;21:00;18:00;25,4;24,9;24,9;82;83;80;21,5;22;21,5;1010,1;1010,1;1009,8;0,6;60;3,6;20,2;0
11/08/2024;26200;22:00;19:00;24,9;24,9;24,6;83;84;82;21,7;21,8;21,6;1010,6;1010,6;1010,1;0,9;49;3;;0
11/08/2024;26300;23:00;20:00;25;24,3;24,3;86;86;82;21,8;21,9;21,6;1011,1;1011,1;1010,6;0,6;81;2,5;;0
12/08/2024;26400;00:00;21:00;24,5;24,5;24,2;85;87;85;21,9;22,1;21,8;1011,5;1011,6;1011,1;0,6;55;2,5;;0
12/08/2024;26500;01:00;22:00;24,7;24,5;24,4;86;86;85;21,9;22,1;21,8;1011,7;1011,7;1011,4;0,8;73;4;;0
12/08/2024;26600;02:00;23:00;24,6;24,4;24,2;87;88;85;22,1;22,2;21,8;1011,5;1011,7;1011,4;0,9;99;4;;0
12/08/2024;26700;03:00;00:00;24,5;23,9;23,9;88;88;86;21,8;22,1;21,8;1011,3;1011,5;1011,3;0,5;57;3,9;;0
12/08/2024;26800;04:00;01:00;24,2;23,8;23,8;87;88;87;21,6;22,1;21,5;1011,1;1011,4;1011,1;0,6;82;2,5;;0
12/08/2024;26900;05:00;02:00;23,9;23,8;23,5;89;90;87;21,9;22,1;21,6;1010,9;1011,2;1010,9;0,5;60;1,9;;0
12/08/2024;27000;06:00;03:00;23,8;23,4;23,3;91;91;89;21,8;21,9;21,6;1010,8;1010,9;1010,7;0,4;35;1,8;;0
12/08/2024;27100;07:00;04:00;23,5;23,3;23,3;91;91;91;21,7;21,9;21,7;1010,6;1010,8;1010,4;0,3;47;1,6;;0
12/08/2024;27200;08:00;05:00;23,3;23,1;23;91;91;90;21,6;21,6;21,4;1010,9;1010,9;1010,6;0,5;359;1,4;;0
12/08/2024;27300;09:00;06:00;23,1;22,9;22,8;92;92;91;21,6;21,6;21,4;1011,4;1011,4;1010,8;0,4;344;1;;0
12/08/2024;27400;10:00;07:00;23,7;23,7;22,9;92;93;92;22,4;22,4;21,6;1012;1012;1011,4;0,7;29;1,8;100,2;0
12/08/2024;27500;11:00;08:00;26,6;26,6;23,7;81;92;81;23;23;22,1;1012,7;1012,7;1012;0,5;40;2,5;502,8;0
12/08/2024;27600;12:00;09:00;27,5;27,5;26,1;70;81;70;21,6;22,9;20,6;1012,9;1012,9;1012,7;1,1;44;2,5;1394,2;0
12/08/2024;27700;13:00;10:00;28,7;28,5;26,7;66;75;64;21,4;22,6;20,7;1012,8;1012,9;1012,8;0,9;125;3;2154,1;0
12/08/2024;27800;14:00;11:00;28,5;26,3;25,8;79;81;66;22,3;22,6;21,2;1012,3;1012,8;1012,3;1;225;3,6;895,3;0
12/08/2024;27900;15:00;12:00;27,7;26,7;26,1;74;80;72;21,6;23;21,6;1011,5;1012,3;1011,5;0,8;150;2,8;1070,9;0
12/08/2024;28000;16:00;13:00;28,3;27,9;26,6;71;76;69;22;23;21,1;1010,6;1011,5;1010,6;1,1;154;3,6;1721,1;0
12/08/2024;28100;17:00;14:00;28,5;27,6;27,3;71;72;66;21,8;22,9;21,1;1009,8;1010,6;1009,8;1;151;3,6;2194,5;0
12/08/2024;28200;18:00;15:00;28,5;28,1;26,8;71;76;69;22,3;23;21,5;1009,6;1009,8;1009,5;0,9;141;3,6;1473,8;0
12/08/2024;28300;19:00;16:00;28,1;26,9;26,9;74;75;69;21,8;22,4;21,4;1009,4;1009,6;1009,3;1,1;108;5;1472,2;0
12/08/2024;28400;20:00;17:00;27;25,5;25,5;81;81;73;21,9;22,1;21,5;1009,8;1009,8;1009,3;1;80;4,6;476,6;0
12/08/2024;28500;21:00;18:00;25,5;25;25;82;82;80;21,7;22;21,7;1010;1010;1009,7;0,9;61;3,8;20,1;0
12/08/2024;28600;22:00;19:00;25;24,9;24,7;84;84;82;22,1;22,1;21,7;1010,4;1010,4;1010;1;58;4,8;;0
12/08/2024;28700;23:00;20:00;25;24,8;24,8;85;85;84;22,2;22,2;22;1010,7;1010,8;1010,4;1;59;4,4;;0
13/08/2024;28800;00:00;21:00;25;24,9;24,8;86;86;85;22,3;22,4;22,2;1011;1011;1010,7;1,3;52;5,4;;0
13/08/2024;28900;01:00;22:00;25;24,8;24,8;84;86;84;22;22,4;22;1010,9;1011;1010,8;1,8;48;5,5;;0
13/08/2024;29000;02:00;23:00;24,8;24,5;24,5;86;86;84;22;22,1;21,9;1010,9;1011;1010,8;1,4;38;5,5;;0
13/08/2024;29100;03:00;00:00;24,5;24,2;24,2;87;87;86;21,9;22,1;21,9;1010,6;1011;1010,6;1,2;40;4;;0
13/08/2024;29200;04:00;01:00;24,2;24;23,9;87;87;87;21,7;22;21,6;1010,1;1010,6;1010,1;1,3;38;3,9;;0
13/08/2024;29300;05:00;02:00;24;23,6;23,6;88;88;87;21,6;21,7;21,5;1009,7;1010,1;1009,7;1,3;30;3,9;;0
13/08/2024;29400;06:00;03:00;23,6;23,4;23,4;89;89;88;21,6;21,7;21,6;1009,9;1009,9;1009,7;1,1;33;3,9;;0
13/08/2024;29500;07:00;04:00;23,5;23;23;91;91;89;21,4;21,7;21,4;1010;1010,2;1009,9;0,8;25;3,7;;0
13/08/2024;29600;08:00;05:00;23;22,5;22,5;92;92;91;21,2;21,5;21,2;1010,5;1010,5;1010;0,3;36;2,9;;0
13/08/2024;29700;09:00;06:00;22,5;22,2;22,1;94;94;92;21,2;21,3;21;1010,8;1010,8;1010,5;0,3;48;1;0,2;0
13/08/2024;29800;10:00;07:00;23,2;23,2;22,2;93;94;93;22,1;22,1;21,2;1011,4;1011,4;1010,8;0,6;12;2,3;104,3;0
13/08/2024;29900;11:00;08:00;26;25,9;23,2;79;93;79;21,9;22,9;21,9;1012;1012;1011,4;1,3;35;3,2;551;0
13/08/2024;30000;12:00;09:00;26,4;26,4;25,6;79;81;76;22,6;22,6;21,7;1012,3;1012,4;1012;0,9;342;3,5;1275,4;0
13/08/2024;30100;13:00;10:00;27,4;26,2;26,1;78;80;74;22,1;22,9;21,8;1012,4;1012,5;1012,3;0,8;177;3,1;1255,6;0
13/08/2024;30200;14:00;11:00;26,2;25,5;25,2;84;85;78;22,7;22,7;21,7;1012,4;1012,6;1012,4;0,9;223;3,6;513,1;0
13/08/2024;30300;15:00;12:00;26,2;26;25,5;84;84;81;23,1;23,1;22,4;1012,2;1012,4;1012,1;1,4;192;4,2;936;0
13/08/2024;30400;16:00;13:00;28,7;28,7;25,9;77;85;75;24,2;24,2;22,8;1011,8;1012,2;1011,8;1,3;158;5,1;2273,9;0
13/08/2024;30500;17:00;14:00;28,9;28,3;27,1;74;79;72;23,2;24,2;22,3;1011,1;1011,8;1011;1,2;159;4,2;2000,2;0
13/08/2024;30600;18:00;15:00;28,5;28,2;27,6;74;76;72;23;23,4;22,5;1011,2;1011,2;1011;1,1;148;4,8;1936,9;0
13/08/2024;30700;19:00;16:00;28,3;25,5;25,5;87;87;72;23,2;23,3;22,2;1011,5;1011,5;1011,2;1,2;174;4,4;960,1;0
13/08/2024;30800;20:00;17:00;25,8;25,5;25,5;83;88;83;22,5;23,5;22,5;1012;1012;1011,5;1,2;140;4,1;208,3;0
13/08/2024;30900;21:00;18:00;25,5;24,8;24,8;84;85;83;22;22,5;21,9;1012,4;1012,4;1012;0,6;100;4,6;17,1;0
13/08/2024;31000;22:00;19:00;25,5;25,3;24,8;81;84;80;21,7;22,2;21,7;1013,1;1013,1;1012,4;1,1;137;4,6;;0
13/08/2024;31100;23:00;20:00;25,4;25,2;25,2;84;84;81;22,2;22,3;21,7;1013,9;1013,9;1013,1;1,2;147;4,6;;0
14/08/2024;31200;00:00;21:00;25,5;25,1;25,1;84;84;83;22,1;22,4;22,1;1014,6;1014,6;1013,9;0,8;112;4,4;;0
14/08/2024;31300;01:00;22:00;25,4;25;25;84;84;82;22,2;22,2;22;1015;1015;1014,6;0,7;113;3,4;;0
14/08/2024;31400;02:00;23:00;25,2;24,9;24,9;86;86;84;22,4;22,5;22,2;1014,7;1015;1014,7;0,8;101;4,3;;0
14/08/2024;31500;03:00;00:00;25;24,7;24,7;87;87;86;22,4;22,6;22,3;1014,4;1014,7;1014,4;0,8;86;3;;0
14/08/2024;31600;04:00;01:00;24,7;24,5;24,4;88;88;87;22,3;22,5;22,3;1013,8;1014,4;1013,8;0,9;75;2,8;;0
14/08/2024;31700;05:00;02:00;24,7;24,4;24,4;87;88;87;22,1;22,5;22,1;1013,3;1013,8;1013,3;0,8;93;3,6;;0
14/08/2024;31800;06:00;03:00;24,5;24,3;24,1;86;88;86;21,9;22,1;21,8;1013,2;1013,3;1013,1;0,8;84;4,3;;0
14/08/2024;31900;07:00;04:00;24,4;24;24;90;90;86;22,3;22,3;21,8;1013,1;1013,2;1013,1;1,3;128;5,6;;0
14/08/2024;32000;08:00;05:00;24;23,5;23,5;91;91;90;22;22,5;21,9;1013,6;1013,6;1013,1;2;133;7;;0
14/08/2024;32100;09:00;06:00;23,5;22,7;22,7;92;93;91;21,3;22,1;21,3;1014,1;1014,1;1013,6;2,4;137;8;0,2;0,2
14/08/2024;32200;10:00;07:00;23,2;23,1;22,7;93;94;92;21,9;22,1;21,4;1014,8;1014,8;1014,1;1,5;115;7,8;130;0,8
14/08/2024;32300;11:00;08:00;24,7;24,5;23,1;85;93;84;21,8;22,4;21,6;1015,3;1015,3;1014,8;1,5;72;6;597,1;0
14/08/2024;32400;12:00;09:00;26,2;26,2;24,4;81;86;80;22,6;22,9;21,4;1016;1016;1015,3;1,3;103;4,4;1024,6;0
14/08/2024;32500;13:00;10:00;27,6;27,2;26,2;75;82;74;22,5;23,4;22,1;1015,9;1016,1;1015,9;1,5;117;4,9;1889,9;0
14/08/2024;32600;14:00;11:00;28,8;26,9;26,9;73;76;68;21,8;23,3;21,5;1015,4;1015,9;1015,4;1,5;137;5,9;2576,6;0
14/08/2024;32700;15:00;12:00;28,6;27,2;26,6;73;79;69;22,1;23,7;21,5;1014,6;1015,4;1014,6;1,4;137;5,9;2533,3;0
14/08/2024;32800;16:00;13:00;28,4;26,7;26,6;76;76;71;22,2;23,4;21,2;1013,6;1014,6;1013,6;1,4;82;6,5;1797,8;0,2
14/08/2024;32900;17:00;14:00;28,2;27;26,7;73;76;69;21,8;22,6;21,2;1013;1013,6;1012,9;1,5;95;6,4;1559;0
14/08/2024;33000;18:00;15:00;27,9;27;26,6;75;76;69;22,3;22,5;21,3;1012,7;1012,9;1012,6;1,4;92;6,8;1410;0
14/08/2024;33100;19:00;16:00;27,5;26,8;25,8;76;80;71;22,3;22,5;21,2;1012,7;1012,7;1012,6;1;95;6,8;821,9;0
14/08/2024;33200;20:00;17:00;26,8;25,4;25,2;78;80;74;21,3;22,1;20,7;1013;1013;1012,7;1,1;44;5,2;156,4;0
14/08/2024;33300;21:00;18:00;25,5;25;25;78;78;75;20,8;21,3;20,6;1013,3;1013,3;1013;0,9;52;3,9;13,2;0
14/08/2024;33400;22:00;19:00;25,1;24,9;24,7;80;80;77;21,1;21,1;20,7;1013,7;1013,7;1013,2;0,7;54;3,9;;0
14/08/2024;33500;23:00;20:00;25,2;25;24,8;79;80;78;21,2;21,2;21;1014,3;1014,3;1013,7;0,9;57;3,5;;0
15/08/2024;33600;00:00;21:00;25,3;25,1;24,9;79;80;78;21,2;21,4;21,1;1014,4;1014,5;1014,2;1,1;59;3,5;;0
15/08/2024;33700;01:00;22:00;25,2;25;24,9;79;81;78;21,2;21,4;21,2;1014,6;1014,6;1014,4;0,8;59;3,5;;0
15/08/2024;33800;02:00;23:00;25,2;25;25;79;80;78;21,1;21,3;21,1;1014,5;1014,6;1014,4;0,7;49;2,7;;0
15/08/2024;33900;03:00;00:00;25,3;25;24,9;79;80;77;21;21,3;20,9;1014;1014,5;1014;0,9;21;4,5;;0
15/08/2024;34000;04:00;01:00;25;24,1;23,8;84;88;79;21,3;21,8;21;1013,6;1014;1013,6;0,7;47;2,9;;0
15/08/2024;34100;05:00;02:00;24,7;24,4;24,1;80;84;79;20,8;21,4;20,7;1013,2;1013,6;1013,2;0,6;39;3;;0
15/08/2024;34200;06:00;03:00;24,4;24;23,9;84;84;80;21,1;21,3;20,8;1013;1013,2;1013;0,6;16;2;;0
15/08/2024;34300;07:00;04:00;24;24;23,8;85;85;84;21,2;21,2;20,9;1013,3;1013,3;1013;0,5;33;1,8;;0
15/08/2024;34400;08:00;05:00;24;23,5;23,2;87;87;85;21,2;21,3;20,9;1013,8;1013,8;1013,3;0,3;324;1,3;;0
15/08/2024;34500;09:00;06:00;23,7;23,5;23,4;88;88;87;21,4;21,5;21,1;1014,2;1014,2;1013,8;0,5;52;1,7;5,7;0
15/08/2024;34600;10:00;07:00;24,2;24,1;23,5;86;88;85;21,6;21,7;21,2;1014,8;1014,8;1014,2;0,5;282;1,6;161,5;0
15/08/2024;34700;11:00;08:00;24,8;24,6;24,1;86;88;85;22,1;22,3;21,6;1015,6;1015,6;1014,8;0,4;215;1,7;457,1;0
15/08/2024;34800;12:00;09:00;25;24,4;24,1;88;88;85;22,2;22,5;21,7;1015,9;1016;1015,6;0,9;193;4,4;604,1;0
15/08/2024;34900;13:00;10:00;25,2;24,7;24,2;85;88;84;22;22,7;21,8;1016;1016;1015,8;1,2;211;4;894,3;0
15/08/2024;35000;14:00;11:00;26,3;26,2;24,4;78;88;78;22,1;23;21,9;1015,4;1016;1015,4;1,5;206;4,8;1725,1;0
15/08/2024;35100;15:00;12:00;26,3;26;24,6;81;86;78;22,5;23;21,6;1014,7;1015,4;1014,7;1,5;209;5,1;1712,3;0
15/08/2024;35200;16:00;13:00;27,5;25,4;25,4;81;81;74;21,8;23,2;21,5;1014;1014,7;1014;1,4;170;6;2243,9;0
15/08/2024;35300;17:00;14:00;26,9;25,5;24,4;79;89;78;21,7;23,7;21,4;1013,2;1014;1013,2;1,4;107;5,2;854,6;0
15/08/2024;35400;18:00;15:00;26,1;25,3;25;76;80;71;20,7;22;19,5;1013;1013,2;1012,9;0,7;68;6;1049,3;0
15/08/2024;35500;19:00;16:00;26,2;25,6;25,2;71;75;67;19,9;20,4;19,2;1013,3;1013,3;1012,9;0,8;156;3,8;742,7;0
15/08/2024;35600;20:00;17:00;25,6;24,6;24,6;76;76;68;20;20;19;1013,7;1013,7;1013,3;0,7;141;3,7;459;0
15/08/2024;35700;21:00;18:00;24,6;24,2;23,9;82;82;76;20,9;20,9;19,9;1013,9;1013,9;1013,7;1;146;3,6;23,1;0
15/08/2024;35800;22:00;19:00;24,4;24,3;24,2;84;84;81;21,4;21,5;20,8;1014,1;1014,1;1013,9;0,8;158;3,3;;0
15/08/2024;35900;23:00;20:00;24,5;24,2;24;82;87;82;20,9;21,9;20,8;1014,4;1014,4;1014,1;0,7;88;4,5;;0
16/08/2024;36000;00:00;21:00;24,4;24,2;24,1;83;83;80;21;21;20,6;1014,9;1014,9;1014,4;0,5;100;2,9;;0
16/08/2024;36100;01:00;22:00;24,2;24,1;24;84;85;83;21,2;21,5;21;1015;1015,1;1014,9;0,9;88;3,4;;0
16/08/2024;36200;02:00;23:00;24,2;23,9;23,8;83;84;83;20,9;21,2;20,9;1014,7;1015;1014,7;0,8;118;3,9;;0
16/08/2024;36300;03:00;00:00;24,2;24,1;23,9;83;84;82;21;21,1;20,8;1014,1;1014,7;1014,1;0,9;96;4,6;;0
16/08/2024;36400;04:00;01:00;24,3;24,1;24,1;83;84;81;20,9;21,2;20,7;1013,5;1014,1;1013,5;1,1;97;5,2;;0
16/08/2024;36500;05:00;02:00;24,1;23,9;23,9;83;84;82;20,9;21,2;20,8;1012,8;1013,5;1012,8;0,9;98;4,8;;0
16/08/2024;36600;06:00;03:00;24,1;23,9;23,8;84;84;83;21;21;20,8;1012,7;1012,8;1012,6;1;97;4,8;;0
16/08/2024;36700;07:00;04:00;24;23,8;23,7;83;85;83;20,8;21,1;20,7;1012,9;1012,9;1012,7;1,1;122;4,3;;0
16/08/2024;36800;08:00;05:00;24,3;24,3;23,7;83;85;83;21,2;21,3;20,8;1012,8;1012,9;1012,7;1,2;138;4,5;;0
16/08/2024;36900;09:00;06:00;24,5;24,1;24,1;86;86;82;21,7;21,8;21;1013,3;1013,3;1012,8;1,4;82;5,4;0,4;0
16/08/2024;37000;10:00;07:00;24,1;23,8;23,7;87;88;85;21,4;21,7;21,3;1014,1;1014,1;1013,3;1,2;74;5,9;93,4;0
16/08/2024;37100;11:00;08:00;25,4;24,5;23,8;82;87;77;21,2;21,8;20,9;1014,8;1014,8;1014,1;1,1;82;5,2;443,4;0,2
16/08/2024;37200;12:00;09:00;24,5;24,4;23,2;92;93;82;23;23;21,2;1015,2;1015,2;1014,8;1,2;89;6,2;710,7;2
16/08/2024;37300;13:00;10:00;26,3;26,2;24,2;78;92;76;22;23,4;21,6;1015,2;1015,2;1015,1;1,5;119;6,6;2034;0
16/08/2024;37400;14:00;11:00;27,6;26,7;26,2;73;77;69;21,4;22,2;20,9;1014,9;1015,2;1014,8;1,6;134;5,6;2906,7;0
16/08/2024;37500;15:00;12:00;28,1;27,9;26,6;69;74;69;21,6;22,5;21;1014,1;1014,9;1014,1;1,2;142;5,2;2912;0
16/08/2024;37600;16:00;13:00;28,2;28;27,4;69;71;67;21,8;22,1;21;1013,1;1014,1;1013,1;1,3;132;7;2843,6;0
16/08/2024;37700;17:00;14:00;28,2;27,3;27;67;71;65;20,8;21,8;20,5;1012,4;1013,1;1012,4;1,4;156;5,9;2251,6;0
16/08/2024;37800;18:00;15:00;27,8;26,6;26,2;72;72;64;21,1;21,3;20;1012,1;1012,4;1012,1;1,4;140;6,3;1752;0
16/08/2024;37900;19:00;16:00;27,1;26;25,6;71;76;68;20,4;21,7;20;1012,3;1012,3;1012,1;1,5;141;6;915,4;0
16/08/2024;38000;20:00;17:00;26,3;25,1;25,1;76;77;70;20,6;20,8;20,2;1012,6;1012,6;1012,3;1;137;4,2;581,3;0
16/08/2024;38100;21:00;18:00;25,1;24,6;24,3;78;80;76;20,5;20,8;20,4;1012,7;1012,7;1012,5;1,2;149;4,3;21,7;0
16/08/2024;38200;22:00;19:00;24,7;24,5;24,2;79;80;76;20,6;20,9;20,1;1013,1;1013,1;1012,7;1,1;118;5,2;;0
16/08/2024;38300;23:00;20:00;24,5;24,5;24,2;80;81;79;20,7;20,8;20,5;1013,4;1013,4;1013,1;1,4;139;5,1;;0
17/08/2024;38400;00:00;21:00;24,6;24,4;24,4;79;80;77;20,4;20,9;20,3;1014;1014;1013,4;1,2;147;4,6;;0
17/08/2024;38500;01:00;22:00;24,4;24,3;24,2;80;81;79;20,7;20,9;20,5;1014;1014,2;1013,9;1,3;145;5,4;;0
17/08/2024;38600;02:00;23:00;24,3;24,2;23,9;80;82;80;20,6;20,8;20,5;1013,8;1014;1013,8;1,2;142;4,4;;0
17/08/2024;38700;03:00;00:00;24,3;24,1;23,9;80;81;79;20,5;20,6;20,3;1013,3;1013,8;1013,3;1;158;4,4;;0
17/08/2024;38800;04:00;01:00;24,4;24,2;24,1;76;81;75;19,6;20,6;19,5;1012,8;1013,3;1012,8;1,3;152;6;;0
17/08/2024;38900;05:00;02:00;24,4;24,3;24;77;78;76;20;20,1;19,6;1012,2;1012,8;1012,2;1,3;157;4,3;;0
17/08/2024;39000;06:00;03:00;24,4;24,3;23,7;77;79;67;20;20,4;17,4;1011,7;1012,2;1011,7;1,6;169;5,3;;0
17/08/2024;39100;07:00;04:00;24,5;24,5;24,2;74;77;74;19,5;20,1;19,4;1011,7;1011,8;1011,6;1,6;154;6;;0
17/08/2024;39200;08:00;05:00;24,5;24,2;24,2;76;76;73;19,6;19,8;19,3;1011,9;1011,9;1011,7;1,4;150;5,4;;0
17/08/2024;39300;09:00;06:00;24,3;24,3;24;74;77;74;19,3;20;19,3;1012,3;1012,3;1011,9;1,4;149;5,5;1,3;0
17/08/2024;39400;10:00;07:00;24,4;24,2;24,1;75;76;74;19,5;19,8;19,3;1012,6;1012,6;1012,3;1,4;155;5,4;161,5;0
17/08/2024;39500;11:00;08:00;25,3;25,3;24,2;72;75;70;19,7;20;19,1;1013,2;1013,2;1012,6;1,5;158;5,8;605;0
17/08/2024;39600;12:00;09:00;26,2;25,9;25,3;68;71;66;19,5;19,9;19;1013,9;1013,9;1013,2;1,6;172;5,9;1393,4;0
17/08/2024;39700;13:00;10:00;27;26,5;25,7;65;70;63;19,3;19,9;19;1013,9;1014,1;1013,9;1,7;163;5,3;1734,7;0
17/08/2024;39800;14:00;11:00;27,5;26,6;26,5;66;68;62;19,8;20,3;19,2;1013,4;1013,9;1013,4;1,9;166;6,8;2339,9;0
17/08/2024;39900;15:00;12:00;26,8;23,3;23,3;80;81;63;19,7;20,1;17,6;1013,1;1013,4;1013;1,8;123;6,8;1049,5;0
17/08/2024;40000;16:00;13:00;23,4;23,4;22,7;83;85;80;20,3;20,5;19,6;1012,3;1013,1;1012,3;2,2;179;6,3;743,9;0
17/08/2024;40100;17:00;14:00;23,8;22,7;22,3;93;93;79;21,4;21,4;19,8;1011,7;1012,3;1011,7;1,4;171;5,7;757,1;1
17/08/2024;40200;18:00;15:00;24,3;24;22,3;86;93;85;21,4;22,3;20,9;1011,2;1011,7;1011,2;1,5;178;5;1504,2;0
17/08/2024;40300;19:00;16:00;24,5;23,5;23,5;86;86;83;21,1;21,7;20,8;1011,4;1011,4;1011,2;2;181;7,1;1000,8;0
17/08/2024;40400;20:00;17:00;23,4;23,2;23;92;92;86;21,8;21,8;21;1011,7;1011,7;1011,4;1,6;179;7,1;251,6;0,2
17/08/2024;40500;21:00;18:00;23,2;21,9;21,9;94;94;92;20,8;21,8;20,8;1012;1012;1011,6;1,3;100;8;22,7;0,4
17/08/2024;40600;22:00;19:00;22,5;22,2;21,9;95;95;94;21,3;21,6;20,8;1012,8;1012,8;1012;1,3;101;6,2;;0
17/08/2024;40700;23:00;20:00;22,2;21,6;21,2;95;95;94;20,8;21,3;20,3;1013,1;1013,1;1012,8;1;111;6;;0
18/08/2024;40800;00:00;21:00;22,3;22,3;21,6;94;95;94;21,3;21,3;20,8;1013,3;1013,3;1013,1;0,9;85;4,5;;0
18/08/2024;40900;01:00;22:00;22,6;22,2;22,1;91;94;91;20,7;21,5;20,6;1013,2;1013,3;1013,1;1,2;61;6;;0
18/08/2024;41000;02:00;23:00;22,5;22,4;21,9;89;91;88;20,5;20,7;20,1;1013,2;1013,3;1013,1;0,6;38;5;;0
18/08/2024;41100;03:00;00:00;22,9;22,7;22,4;89;90;88;20,7;20,9;20,5;1012,7;1013,2;1012,7;0,8;66;4,1;;0
18/08/2024;41200;04:00;01:00;23,4;23,1;22,6;89;90;87;21,1;21,5;20,5;1012,2;1012,7;1012,2;1,3;133;5,2;;0
18/08/2024;41300;05:00;02:00;23,2;22,9;22,9;89;89;88;20,9;21,2;20,9;1011,6;1012,2;1011,6;0,7;91;5,3;;0
18/08/2024;41400;06:00;03:00;23,1;22,7;22,7;89;89;88;20,8;21,1;20,7;1011,4;1011,6;1011,4;0,8;58;4,1;;0
18/08/2024;41500;07:00;04:00;23,2;23;22,5;84;89;83;20,1;20,8;20,1;1011,5;1011,5;1011,3;1;81;4,1;;0
18/08/2024;41600;08:00;05:00;23,3;22,7;22,7;85;87;84;20,1;20,9;20;1011,9;1011,9;1011,5;0,8;81;6,3;;0
18/08/2024;41700;09:00;06:00;23;23;22,6;85;87;85;20,4;20,5;20;1012,4;1012,4;1011,9;1,1;76;4;0,8;0
18/08/2024;41800;10:00;07:00;24;23,8;22,8;84;86;83;20,9;21,2;20,3;1013;1013;1012,4;1,2;85;5,2;155,1;0
18/08/2024;41900;11:00;08:00;25,7;25,6;23,8;71;85;71;20;21;20;1013,7;1013,7;1013;1;95;4,8;623,9;0
18/08/2024;42000;12:00;09:00;26,3;24,8;24,6;82;82;69;21,5;21,5;19,9;1014,4;1014,5;1013,7;1,4;52;5,1;1459,4;0
18/08/2024;42100;13:00;10:00;27,1;27;24,5;69;83;67;21;21,9;20,5;1014,5;1014,6;1014,4;1,1;48;4,3;1959,4;0
18/08/2024;42200;14:00;11:00;27,3;24;24;82;82;66;20,8;21,5;19,7;1014,6;1014,7;1014,3;2,1;145;6,9;2228,1;0
18/08/2024;42300;15:00;12:00;25,6;25,5;24;75;84;74;20,8;21,9;20,4;1013,7;1014,6;1013,7;1,9;162;6,1;2142;0
18/08/2024;42400;16:00;13:00;27,2;26,6;24,3;68;79;65;20,3;21,2;19,4;1012,8;1013,7;1012,8;1,2;123;6,1;1886,6;0
18/08/2024;42500;17:00;14:00;27,3;26,8;25,9;69;73;67;20,6;21,5;20;1012;1012,8;1012;1,2;162;4,5;2298,1;0
18/08/2024;42600;18:00;15:00;27,2;27;26,4;64;72;64;19,7;21,3;19,7;1011,7;1012;1011,7;1,1;121;4;2142,5;0
18/08/2024;42700;19:00;16:00;27,2;26,1;26,1;68;70;61;19,8;20,4;18,7;1011,9;1011,9;1011,6;1,3;137;5,5;1511,5;0
18/08/2024;42800;20:00;17:00;26,3;24,4;24,4;75;75;66;19,7;20,1;19,2;1012,2;1012,2;1011,9;1,1;124;5,1;584,2;0
18/08/2024;42900;21:00;18:00;24,5;24,2;24,1;78;78;75;20;20,2;19,7;1012,4;1012,4;1012,2;1,1;128;4,2;19,7;0
18/08/2024;43000;22:00;19:00;24,3;24;23,7;78;80;77;20;20,2;19,8;1012,8;1012,8;1012,4;1;142;5,2;;0
18/08/2024;43100;23:00;20:00;24,1;23,9;23,7;83;83;77;20,8;20,8;19,9;1013,4;1013,4;1012,8;1,1;133;5,3;;0
19/08/2024;43200;00:00;21:00;23,9;23,6;23,6;80;83;79;19,8;20,8;19,8;1013,8;1013,8;1013,4;0,7;116;4,1;;0
19/08/2024;43300;01:00;22:00;24,2;24;23,5;80;81;79;20,4;20,5;19,8;1013,9;1013,9;1013,7;1;142;5,3;;0
19/08/2024;43400;02:00;23:00;24,2;23,7;23,7;78;81;77;19,7;20,5;19,5;1013,9;1014;1013,9;0,8;99;5,3;;0
19/08/2024;43500;03:00;00:00;24,1;24;23,5;77;79;77;19,7;20;19,5;1013,5;1013,9;1013,5;1,2;137;4,3;;0
19/08/2024;43600;04:00;01:00;24;23,3;23,3;79;79;76;19,4;19,7;19,2;1013,2;1013,5;1013,2;0,7;101;4,5;;0
19/08/2024;43700;05:00;02:00;23,6;23,4;23,2;79;80;77;19,6;19,9;19;1012,8;1013,2;1012,8;0,7;102;3,5;;0
19/08/2024;43800;06:00;03:00;24,1;23,9;23,1;75;81;75;19,1;19,9;19,1;1012,6;1012,9;1012,5;1,3;134;4,3;;0
19/08/2024;43900;07:00;04:00;24,1;23,8;23,7;75;76;73;19,1;19,2;18,8;1012,6;1012,6;1012,6;0,8;122;4,4;;0
19/08/2024;44000;08:00;05:00;24,3;24,2;23,8;73;75;72;19,1;19,3;18,8;1012,9;1012,9;1012,5;1,1;123;4,6;;0
19/08/2024;44100;09:00;06:00;24,2;23,6;23,6;76;76;71;19,2;19,2;18,6;1013,4;1013,4;1012,9;1;72;4,7;2,4;0
19/08/2024;44200;10:00;07:00;24,2;24,2;23,3;79;82;76;20,4;20,5;19,3;1013,6;1013,6;1013,4;1,5;138;4,4;146,4;0
19/08/2024;44300;11:00;08:00;25,2;25,2;24,2;73;79;71;20;20,4;19,3;1014,5;1014,5;1013,6;1,5;140;5,5;650,4;0
19/08/2024;44400;12:00;09:00;26,4;26,2;25,2;67;73;66;19,5;20,4;19,5;1015,1;1015,1;1014,5;1,3;165;5,3;1904,4;0
19/08/2024;44500;13:00;10:00;27,1;27,1;25,9;65;70;65;19,9;20,7;19,5;1015,2;1015,3;1015,1;1,6;151;6,2;2145,4;0
19/08/2024;44600;14:00;11:00;28,1;27,2;26,8;65;68;62;20,2;21,2;19,3;1015;1015,2;1015;1,7;146;5,6;2874,4;0
19/08/2024;44700;15:00;12:00;28,2;27,1;26,8;66;70;60;20,3;21,3;19;1014,5;1015;1014,5;1,8;141;5,3;3094,9;0
19/08/2024;44800;16:00;13:00;28,1;28,1;27,1;59;69;59;19,2;21,2;19,2;1013,7;1014,5;1013,7;1,3;123;5,3;2869,9;0
19/08/2024;44900;17:00;14:00;28,4;27,5;27,1;60;62;56;19,1;19,5;18,3;1012,9;1013,7;1012,9;1,8;142;4,9;2526,2;0
19/08/2024;45000;18:00;15:00;27,7;27,2;26,8;65;66;59;20;20,3;18,5;1012,5;1012,9;1012,5;1,3;151;5,5;2168,9;0
19/08/2024;45100;19:00;16:00;27,3;26,1;26,1;69;70;63;19,9;20,3;19,3;1012,4;1012,5;1012,4;1,3;163;4,3;1499,5;0
19/08/2024;45200;20:00;17:00;26,1;24;24;78;78;69;20;20,5;19,5;1012,4;1012,4;1012,3;0,8;131;4;352;0
19/08/2024;45300;21:00;18:00;24,1;23,3;23,3;85;85;78;20,7;20,9;20;1012,5;1012,6;1012,4;1,1;84;4,5;13,5;0
19/08/2024;45400;22:00;19:00;23,6;23,5;22,5;89;90;85;21,7;21,8;20,5;1012,9;1012,9;1012,5;1,3;164;4,5;;0
19/08/2024;45500;23:00;20:00;23,7;23,7;23,4;88;89;87;21,5;21,7;21,4;1013,5;1013,6;1012,9;1,1;154;4,2;;0
20/08/2024;45600;00:00;21:00;23,7;23,4;23,3;87;88;87;21,2;21,5;21;1014,1;1014,2;1013,5;0,7;106;4,1;;0
20/08/2024;45700;01:00;22:00;23,6;22,9;22,9;84;88;83;20;21,2;20;1014,3;1014,4;1014,2;0,6;120;3,5;;0
20/08/2024;45800;02:00;23:00;22,9;22,7;22,4;87;87;84;20,3;20,3;19,8;1014,2;1014,3;1014,2;0,4;125;2,7;;0
20/08/2024;45900;03:00;00:00;22,7;22,7;22,5;90;90;86;21;21;20,2;1014;1014,3;1014;0,4;144;1,6;;0
20/08/2024;46000;04:00;01:00;22,9;21,8;21,8;93;93;90;20,5;21,1;20,5;1013,3;1014;1013,3;0,4;341;3,9;;0
20/08/2024;46100;05:00;02:00;22;21,6;21,6;93;94;93;20,5;20,8;20,5;1013;1013,3;1013;0,3;331;1;;0
20/08/2024;46200;06:00;03:00;22,2;22;21,6;93;94;93;20,8;21,1;20,6;1012,6;1013;1012,6;0,3;355;1;;0
20/08/2024;46300;07:00;04:00;22,3;22,3;21,9;93;93;93;21;21;20,7;1012,5;1012,6;1012,5;0,4;357;0,9;;0
20/08/2024;46400;08:00;05:00;22,4;21,7;21,7;93;93;92;20,4;21,1;20,4;1012,7;1012,7;1012,5;0,2;6;0,9;;0
20/08/2024;46500;09:00;06:00;21,8;21,8;21,5;94;94;93;20,7;20,7;20,3;1013,3;1013,3;1012,7;0,2;357;1,3;2,2;0
20/08/2024;46600;10:00;07:00;22,6;22,6;21,7;95;95;94;21,7;21,7;20,6;1013,8;1013,9;1013,3;0,3;251;1,9;91,7;0
20/08/2024;46700;11:00;08:00;22,6;22;21,3;94;96;94;21;21,7;20,3;1014,6;1014,6;1013,7;0,6;312;6,3;391,2;0
20/08/2024;46800;12:00;09:00;23,3;22,2;22;93;95;91;20,9;22;20,9;1015,8;1015,8;1014,6;0,9;181;2,9;575,5;0
20/08/2024;46900;13:00;10:00;23,4;23,4;22;94;94;92;22,3;22,3;20,8;1015,8;1016;1015,8;1,2;177;4,2;1155;0
20/08/2024;47000;14:00;11:00;25,5;25,4;23;78;94;74;21,3;22,4;20,2;1015,1;1015,8;1015,1;0,5;231;3,7;1617,1;0
20/08/2024;47100;15:00;12:00;26,8;26,7;25,2;67;81;67;20;22,1;20;1014,7;1015,1;1014,7;0,6;135;2,6;2140,7;0
20/08/2024;47200;16:00;13:00;26,7;25,5;25,2;75;78;67;20,8;21,7;20;1013,9;1014,7;1013,9;0,9;161;2,5;1553,9;0
20/08/2024;47300;17:00;14:00;26,1;25,7;25,2;77;80;74;21,4;21,9;20,8;1012,8;1013,9;1012,8;1,1;195;4;1577,9;0
20/08/2024;47400;18:00;15:00;26,1;25,6;24,9;77;80;75;21,3;22,1;20,9;1012,3;1012,8;1012,3;1,2;204;3,8;1824,3;0
20/08/2024;47500;19:00;16:00;25,8;25,3;25,3;77;80;76;21;21,8;21;1012,2;1012,4;1012,2;1,7;189;3,9;1464,9;0
20/08/2024;47600;20:00;17:00;25,3;24,1;24,1;83;83;77;21;21,3;20,9;1012,1;1012,2;1012,1;1,3;193;3,9;397,9;0
20/08/2024;47700;21:00;18:00;24,1;23,8;23,8;84;85;83;20,9;21,2;20,9;1012,3;1012,3;1012,1;1,1;158;3,7;30,7;0
20/08/2024;47800;22:00;19:00;24;23,6;23,6;84;84;83;20,7;21;20,7;1012,5;1012,5;1012,3;0,9;167;4,4;;0
20/08/2024;47900;23:00;20:00;23,9;23,5;23,5;82;84;81;20,4;21;20,1;1013,1;1013,1;1012,5;0,6;117;3,6;;0
21/08/2024;48000;00:00;21:00;23,7;23,3;23,3;85;85;82;20,7;20,8;20,3;1013,6;1013,6;1013,1;0,5;136;2,7;;0
21/08/2024;48100;01:00;22:00;23,4;23,3;23,1;85;86;85;20,6;20,9;20,5;1014;1014;1013,6;0,6;83;3,1;;0
21/08/2024;48200;02:00;23:00;23,3;23;23;83;85;83;19,8;20,6;19,8;1014;1014;1013,9;0,5;57;2,4;;0
21/08/2024;48300;03:00;00:00;23;22,8;22,6;80;83;80;19,1;19,8;19,1;1013,4;1014;1013,4;0,5;114;2,2;;0
21/08/2024;48400;04:00;01:00;22,8;22,6;22,4;80;80;79;19;19;18,7;1012,6;1013,4;1012,6;0,4;92;2;;0
21/08/2024;48500;05:00;02:00;22,6;22,2;22,2;81;81;79;18,7;18,9;18,7;1012,2;1012,7;1012,2;0,4;32;2,9;;0
21/08/2024;48600;06:00;03:00;22,5;22;22;83;83;81;18,9;19;18,8;1011,5;1012,2;1011,5;0,4;55;1,4;;0
21/08/2024;48700;07:00;04:00;22,1;21,8;21,8;84;84;83;18,9;19;18,8;1011,3;1011,5;1011,3;0,5;28;1,3;;0
21/08/2024;48800;08:00;05:00;21,9;21,9;21,7;84;84;84;19,1;19,1;18,8;1011,6;1011,6;1011,3;0,4;41;1,4;;0
21/08/2024;48900;09:00;06:00;22;21,8;21,8;84;84;84;19;19,2;19;1012,1;1012,1;1011,6;0,3;66;1,3;2,2;0
21/08/2024;49000;10:00;07:00;22,6;22,6;21,8;85;85;83;20;20;19;1013;1013;1012,1;0,5;11;1,1;106,7;0
21/08/2024;49100;11:00;08:00;25,3;24,8;22,6;71;85;69;19,3;20,4;19,1;1013,8;1013,8;1013;1;126;2,7;560,1;0
21/08/2024;49200;12:00;09:00;26,7;26,5;24,8;65;72;63;19,5;20,5;18,8;1014,4;1014,4;1013,8;1,1;155;3,5;1929,4;0
21/08/2024;49300;13:00;10:00;27,6;27,3;26,4;63;68;61;19,5;20,5;18,8;1014,6;1014,7;1014,4;0,9;139;3,4;2545,9;0
21/08/2024;49400;14:00;11:00;27,8;27,8;26,8;62;66;60;19,7;20,6;18,8;1014,3;1014,7;1014,3;1,3;165;4,3;3048,2;0
21/08/2024;49500;15:00;12:00;28,1;27,6;27,4;64;66;60;20,2;20,9;19,2;1013,6;1014,3;1013,6;1,3;154;4,3;3205,5;0
21/08/2024;49600;16:00;13:00;28,1;27,9;27,4;67;68;62;21,2;21,2;19,6;1013;1013,6;1013;1,3;172;3,6;2933,6;0
21/08/2024;49700;17:00;14:00;28,3;27,5;27,5;65;68;63;20,4;21,6;20,1;1012;1013;1012;1,3;178;4,4;2366,9;0
21/08/2024;49800;18:00;15:00;27,9;27,4;27,2;65;67;64;20,3;21;19,8;1011,8;1012;1011,7;1;160;3,7;1986,3;0
21/08/2024;49900;19:00;16:00;27,6;26,2;26,2;70;70;64;20,3;20,8;19,8;1011,6;1011,8;1011,6;0,9;168;3,1;1338,5;0
21/08/2024;50000;20:00;17:00;26,2;24,9;24,9;76;76;69;20,3;20,4;19,7;1011,6;1011,6;1011,6;0,7;158;3,7;505,7;0
21/08/2024;50100;21:00;18:00;24,9;24,4;24,3;78;79;76;20,4;20,6;20,2;1011,7;1011,7;1011,6;1,1;176;3,2;22,1;0
21/08/2024;50200;22:00;19:00;24,7;24,5;24,3;81;81;78;21;21;20,4;1012,1;1012,1;1011,7;0,8;143;3,6;;0
21/08/2024;50300;23:00;20:00;24,5;23,6;23,6;87;87;81;21,4;21,6;21;1012,8;1012,8;1012,1;0,5;190;2,9;;0
22/08/2024;50400;00:00;21:00;23,9;23,9;23,5;87;88;87;21,6;21,7;21,4;1013,3;1013,3;1012,8;0,7;143;3,5;;0
22/08/2024;50500;01:00;22:00;24,2;24,2;23,7;86;88;85;21,6;21,8;21,4;1013,4;1013,4;1013,3;0,8;145;3,2;;0
22/08/2024;50600;02:00;23:00;24,2;24,1;23,8;85;87;85;21,4;21,6;21,3;1013,3;1013,5;1013,3;0,8;56;3,2;;0
22/08/2024;50700;03:00;00:00;24,2;24,2;23,9;84;85;83;21,3;21,4;20,9;1012,9;1013,3;1012,9;0,5;78;2,5;;0
22/08/2024;50800;04:00;01:00;24,2;22,9;22,9;88;90;84;20,9;21,9;20,8;1012,5;1012,9;1012,5;0,5;54;3,2;;0,2
22/08/2024;50900;05:00;02:00;23,3;23,1;22,9;89;90;88;21,2;21,4;20,9;1012,1;1012,6;1012,1;0,7;68;3,6;;0
22/08/2024;51000;06:00;03:00;23,7;23,6;23,1;86;89;86;21,1;21,5;21,1;1011,8;1012,1;1011,8;0,9;84;3,9;;0
22/08/2024;51100;07:00;04:00;24;23,9;23,5;85;87;85;21,2;21,4;20,9;1011,9;1011,9;1011,7;0,9;113;4;;0
22/08/2024;51200;08:00;05:00;24;23,8;23,6;85;85;84;21,2;21,3;20,8;1012,1;1012,1;1011,9;0,7;121;4;;0
22/08/2024;51300;09:00;06:00;23,9;23,8;23,7;84;86;83;21;21,2;20,8;1012,4;1012,4;1012,1;0,7;92;3,6;3,6;0
22/08/2024;51400;10:00;07:00;24,8;24,8;23,8;82;84;82;21,5;21,5;21;1012,8;1012,8;1012,3;0,9;120;5;163,9;0
22/08/2024;51500;11:00;08:00;26;25,8;24,7;78;83;75;21,6;21,9;21,2;1013,4;1013,4;1012,8;0,8;113;4,2;697,2;0
22/08/2024;51600;12:00;09:00;26,9;26,9;25,8;73;78;72;21,7;22,2;21;1013,7;1013,8;1013,4;1,3;154;5,1;1553,6;0
22/08/2024;51700;13:00;10:00;28,1;28;26,7;71;73;68;22,2;22,2;20,7;1014,1;1014,1;1013,7;1,2;131;4,9;2283,5;0
22/08/2024;51800;14:00;11:00;28,3;28,2;27,5;68;74;67;21,8;22,9;21,3;1013,8;1014,1;1013,8;1,2;144;4,9;2560,7;0,2
22/08/2024;51900;15:00;12:00;28,7;28,5;27,5;67;71;65;21,8;22,7;20,6;1013,2;1013,8;1013,2;1,1;150;4,6;2508,8;0
22/08/2024;52000;16:00;13:00;28,6;28,3;27,8;70;73;66;22,3;22,9;21,5;1012,3;1013,2;1012,3;1,3;175;4,3;2481,5;0
22/08/2024;52100;17:00;14:00;28,3;27,6;27,6;72;73;69;22,2;22,8;21,6;1011,4;1012,3;1011,4;0,9;169;4;1683,7;0
22/08/2024;52200;18:00;15:00;27,5;27,3;26,2;73;79;72;22,2;22,8;21,5;1011;1011,4;1011;1;159;3,9;918,5;0
22/08/2024;52300;19:00;16:00;27,6;26,7;26,4;77;77;73;22,4;22,7;21,7;1011;1011;1010,8;1,2;92;4,4;1107,4;0
22/08/2024;52400;20:00;17:00;26,8;25,7;25,7;81;81;77;22,1;22,4;21,8;1011,1;1011,1;1010,9;1,2;106;4,9;274,7;0
22/08/2024;52500;21:00;18:00;25,7;25,2;25;83;84;80;22;22,3;21,7;1011;1011,1;1010,9;1,6;100;5,4;20,1;0
22/08/2024;52600;22:00;19:00;25,3;25,2;25;81;83;80;21,7;22,1;21,7;1011,6;1011,6;1011;1,2;113;5,1;;0
22/08/2024;52700;23:00;20:00;25,4;25;24,9;78;81;78;21;21,8;20,9;1012,2;1012,2;1011,6;1,4;124;5,9;;0
23/08/2024;52800;00:00;21:00;25,3;24,9;24,9;80;81;78;21,2;21,4;21;1012,7;1012,7;1012,2;1,1;105;5;;0
23/08/2024;52900;01:00;22:00;25;24,8;24,8;81;81;79;21,3;21,4;21,1;1012,9;1012,9;1012,7;0,9;79;4,8;;0
23/08/2024;53000;02:00;23:00;24,9;24,8;24,7;81;81;80;21,2;21,5;21,1;1012,9;1012,9;1012,8;1,1;83;4,5;;0
23/08/2024;53100;03:00;00:00;24,8;24,7;24,5;82;82;80;21,5;21,5;20,9;1012,8;1012,9;1012,8;0,8;55;3,8;;0
23/08/2024;53200;04:00;01:00;24,9;24,7;24,6;79;82;79;20,9;21,5;20,9;1012,4;1012,8;1012,4;0,8;59;3,7;;0
23/08/2024;53300;05:00;02:00;24,8;24,5;24,4;80;81;79;20,8;21;20,7;1011,7;1012,4;1011,7;0,9;72;5,3;;0
23/08/2024;53400;06:00;03:00;24,6;24,2;24,2;81;81;80;20,6;21,1;20,6;1011,4;1011,8;1011,4;0,9;80;4,8;;0
23/08/2024;53500;07:00;04:00;24,2;24;23,7;81;82;79;20,6;20,6;20,2;1011,2;1011,4;1011,2;0,7;71;4,3;;0
23/08/2024;53600;08:00;05:00;24,2;23,6;23,6;84;84;81;20,7;21;20,6;1011,4;1011,4;1011,2;0,5;80;4,8;;0
23/08/2024;53700;09:00;06:00;23,6;23,4;23,1;87;87;84;21;21;20,7;1011,6;1011,7;1011,3;0,6;47;2,6;2,7;0
23/08/2024;53800;10:00;07:00;24,4;24,4;23,3;85;87;85;21,8;21,8;20,9;1012,2;1012,2;1011,6;0,8;115;3;166,4;0
23/08/2024;53900;11:00;08:00;25,1;24,8;23,9;80;85;78;21,1;21,9;20,3;1012,9;1012,9;1012,2;0,7;87;4,1;388,9;0
23/08/2024;54000;12:00;09:00;27,4;27,3;24,9;66;80;65;20,3;22,2;20;1013,5;1013,5;1012,9;1,1;60;6,6;1582,3;0
23/08/2024;54100;13:00;10:00;28,2;27,1;27,1;64;66;60;19,6;20,5;19,2;1013,7;1013,8;1013,5;1,5;82;5,8;2133,4;0
23/08/2024;54200;14:00;11:00;29,1;28,9;27,1;56;66;55;19,3;20,6;18,7;1013,4;1013,8;1013,4;1,3;116;5,2;2701,6;0
23/08/2024;54300;15:00;12:00;29,4;29,4;28,7;61;62;54;21,1;21,3;18,9;1012,6;1013,4;1012,6;1,3;169;4,8;3046;0
23/08/2024;54400;16:00;13:00;29,4;28,6;28,4;62;65;59;20,6;21,6;20;1011,8;1012,6;1011,8;1,4;164;4,9;2789,3;0
23/08/2024;54500;17:00;14:00;29,5;28,7;28,4;61;64;57;20,4;21,8;19,5;1011,1;1011,8;1011;1,5;90;5;2317;0
23/08/2024;54600;18:00;15:00;28,9;27,3;27,3;66;68;60;20,3;21,4;20;1010,8;1011,1;1010,8;1,6;93;7;1734,7;0
23/08/2024;54700;19:00;16:00;27,8;26,9;26,5;67;71;65;20,4;21,4;20,4;1010,7;1010,8;1010,6;1,2;68;5,6;935;0
23/08/2024;54800;20:00;17:00;26,9;25,7;25,7;72;73;67;20,4;20,7;20,1;1010,5;1010,7;1010,5;1,2;76;4,6;429,7;0
23/08/2024;54900;21:00;18:00;25,7;25,2;25,2;76;76;72;20,7;20,8;20,4;1010,5;1010,6;1010,4;1,5;68;6,1;19,6;0
23/08/2024;55000;22:00;19:00;25,2;24,7;24,7;75;77;74;19,9;20,7;19,8;1010,9;1010,9;1010,5;0,9;68;6,1;;0
23/08/2024;55100;23:00;20:00;24,8;24,6;24,4;78;79;74;20,6;20,6;19,8;1011,4;1011,4;1010,9;0,9;53;3,8;;0
24/08/2024;55200;00:00;21:00;24,8;24,5;24,4;77;78;77;20,3;20,6;20,3;1011,8;1011,8;1011,4;1;62;4,6;;0
24/08/2024;55300;01:00;22:00;24,8;24,5;24,2;75;78;74;19,8;20,4;19,8;1012,1;1012,1;1011,8;1;50;3,5;;0
24/08/2024;55400;02:00;23:00;24,5;24,1;24;79;79;75;20,1;20,1;19,8;1012,2;1012,3;1012,1;0,6;42;2,9;;0
24/08/2024;55500;03:00;00:00;24,6;24,3;24;78;79;76;20,2;20,3;19,9;1012,2;1012,3;1012,1;0,9;44;4,5;;0
24/08/2024;55600;04:00;01:00;24,6;24,2;24,2;78;79;77;20,2;20,6;20,1;1011,8;1012,2;1011,8;1;55;4,4;;0
24/08/2024;55700;05:00;02:00;24,2;24;23,7;79;80;78;20,1;20,3;20;1011,5;1011,8;1011,5;1;52;4,9;;0
24/08/2024;55800;06:00;03:00;24,1;23,9;23,6;79;81;78;20,1;20,2;19,9;1011,4;1011,5;1011,4;0,9;63;4,9;;0
24/08/2024;55900;07:00;04:00;24,3;23,9;23,7;77;79;76;19,7;20,1;19,6;1011,3;1011,4;1011,2;0,8;46;3,8;;0
24/08/2024;56000;08:00;05:00;24;23,7;23,5;80;81;77;20;20,2;19,5;1011,9;1011,9;1011,3;0,9;54;2,6;;0
24/08/2024;56100;09:00;06:00;23,8;23,5;23,3;80;81;78;19,9;20;19,6;1012,4;1012,4;1011,9;0,9;55;3,7;3,1;0
24/08/2024;56200;10:00;07:00;24,5;24,5;23,5;77;80;77;20,2;20,3;19,9;1012,9;1012,9;1012,4;0,9;52;3,2;182,1;0
24/08/2024;56300;11:00;08:00;26,8;26,4;24,5;68;77;68;20;20,8;19,8;1013,7;1013,7;1012,9;1,2;56;3,6;918,2;0
24/08/2024;56400;12:00;09:00;27,3;27,2;26,2;64;70;64;19,9;20,7;19,5;1014,6;1014,6;1013,7;1;75;4;1772,9;0
24/08/2024;56500;13:00;10:00;28,1;28,1;27;65;66;60;21;21;19;1014,5;1014,6;1014,4;1,4;140;4,1;2420,8;0
24/08/2024;56600;14:00;11:00;29;27,8;27,7;66;66;62;20,8;21,6;20;1014;1014,5;1014;1,1;159;4,2;2768,8;0
24/08/2024;56700;15:00;12:00;28,6;28,3;27;66;69;64;21,4;22;20,1;1013,4;1014;1013,4;1,1;139;4,6;2446,4;0
24/08/2024;56800;16:00;13:00;28,7;28,4;26,6;63;71;62;20,6;21,9;20;1012,5;1013,4;1012,5;1,3;144;4,1;2288,9;0
24/08/2024;56900;17:00;14:00;28,9;28,7;28;62;66;62;20,7;21,7;20,3;1011,6;1012,5;1011,6;0,9;147;4,4;2468,1;0
24/08/2024;57000;18:00;15:00;28,9;27,7;27,5;66;67;61;20,8;21,5;19,9;1011,4;1011,6;1011,3;1,3;103;5,8;1993,4;0
24/08/2024;57100;19:00;16:00;28;26,4;26,3;70;71;65;20,4;21,3;19,9;1011,3;1011,4;1011,3;1,1;91;4,9;1034;0
24/08/2024;57200;20:00;17:00;26,6;25,4;25,4;72;72;69;20;20,7;19,8;1011,4;1011,4;1011,2;1,1;88;4,4;463;0
24/08/2024;57300;21:00;18:00;25,4;24,9;24,8;71;73;71;19,4;20,2;19,4;1011,6;1011,6;1011,4;1,4;79;4,3;21,6;0
24/08/2024;57400;22:00;19:00;24,9;24,7;24,5;72;74;71;19,3;19,6;19,3;1012;1012;1011,6;1,3;69;4,6;;0
24/08/2024;57500;23:00;20:00;24,7;24,3;24,1;73;74;71;19,1;19,5;19,1;1012,5;1012,5;1012;0,9;88;4,1;;0
25/08/2024;57600;00:00;21:00;24,5;24,4;23,8;68;74;68;18,2;19,2;18,2;1012,8;1012,8;1012,5;1,2;67;4,1;;0
25/08/2024;57700;01:00;22:00;24,5;23,8;23,7;73;73;68;18,6;18,6;18;1013,2;1013,2;1012,8;0,7;62;4,2;;0
25/08/2024;57800;02:00;23:00;24;23,4;23,4;75;75;71;18,8;18,8;18,3;1013,4;1013,5;1013,2;0,7;54;3,1;;0
25/08/2024;57900;03:00;00:00;24;23,4;23,2;76;76;73;19;19;18,5;1013,1;1013,4;1013,1;0,8;48;3,4;;0
25/08/2024;58000;04:00;01:00;23,5;23;23;77;78;76;18,7;19,1;18,7;1012,7;1013,1;1012,7;0,7;36;2,7;;0
25/08/2024;58100;05:00;02:00;23,1;22,7;22,5;79;79;76;18,8;18,9;18,3;1012,2;1012,7;1012,2;0,9;34;2,3;;0
25/08/2024;58200;06:00;03:00;22,9;22,2;22,2;80;80;77;18,5;18,7;18,4;1011,9;1012,2;1011,9;0,6;23;2,3;;0
25/08/2024;58300;07:00;04:00;22,3;22;22;81;81;80;18,7;18,8;18,4;1011,9;1012;1011,8;0,9;29;2,2;;0
25/08/2024;58400;08:00;05:00;22,1;21,9;21,8;83;83;81;18,8;18,9;18,6;1012,3;1012,3;1011,9;0,7;25;2,2;;0
25/08/2024;58500;09:00;06:00;22,1;21,9;21,8;83;83;83;18,9;19,1;18,8;1012,8;1012,8;1012,3;0,8;25;1,6;3,3;0
25/08/2024;58600;10:00;07:00;23,2;23,2;21,9;82;84;82;20;20;19;1013,2;1013,2;1012,8;0,8;34;2,2;121,6;0
25/08/2024;58700;11:00;08:00;26,1;25,9;23,2;68;82;66;19,6;20,3;19,1;1013,8;1013,8;1013,2;1,3;31;3,7;810,2;0
25/08/2024;58800;12:00;09:00;27,5;27,1;25,9;61;69;61;18,8;20,2;18,8;1014,3;1014,3;1013,8;1,3;55;4,1;1863,6;0
25/08/2024;58900;13:00;10:00;28,2;28,1;27;58;63;55;19;20;18,1;1014,2;1014,3;1014,2;1,3;52;4,3;2569,4;0
25/08/2024;59000;14:00;11:00;29,1;28,5;27,8;56;58;52;19;19,6;17,5;1013,6;1014,2;1013,6;1,5;87;4,8;3025;0
25/08/2024;59100;15:00;12:00;29,2;28,4;28,1;61;61;53;20,1;20,5;18;1012,7;1013,6;1012,7;1,4;100;4,8;3095,5;0
25/08/2024;59200;16:00;13:00;28,8;28,3;28,2;62;62;54;20,2;20,6;18,8;1012;1012,7;1012;1,2;103;5,9;2819,5;0
25/08/2024;59300;17:00;14:00;28,9;28,1;27,9;59;64;56;19,3;21,1;18,7;1011;1012;1011;1,3;76;4,7;2473,9;0
25/08/2024;59400;18:00;15:00;29;27,4;27,4;61;61;57;19,1;20,4;19,1;1010,9;1011,1;1010,8;1,5;142;5;2087,3;0
25/08/2024;59500;19:00;16:00;28;26,7;26,7;64;64;60;19,2;20,1;19;1010,9;1011;1010,8;1,2;138;4,8;1487;0
25/08/2024;59600;20:00;17:00;26,8;25,1;25;71;71;63;19,4;19,6;18,9;1011,2;1011,2;1010,9;0,9;151;4,1;524,8;0
25/08/2024;59700;21:00;18:00;25,1;24,2;24,2;73;73;70;19;19,4;19;1011,4;1011,4;1011,2;0,6;158;3,2;18,9;0
25/08/2024;59800;22:00;19:00;24,2;24;23,8;75;75;73;19,3;19,3;19;1012,2;1012,2;1011,4;0,9;149;3,2;;0
25/08/2024;59900;23:00;20:00;24,1;23,8;23,8;75;75;74;19,1;19,2;19;1013;1013;1012,2;0,6;135;3,2;;0
26/08/2024;60000;00:00;21:00;24;24;23,7;75;76;74;19,3;19,4;19;1013,4;1013,4;1013;1,1;169;3,2;;0
26/08/2024;60100;01:00;22:00;24,5;24,4;24;77;77;74;20,2;20,2;19,2;1013,7;1013,7;1013,4;1,1;123;5,2;;0
26/08/2024;60200;02:00;23:00;24,4;23,6;23,5;80;80;77;19,9;20,2;19,8;1013,5;1013,7;1013,5;0,6;73;4,4;;0
26/08/2024;60300;03:00;00:00;23,9;23,2;23,2;78;80;77;19;20,1;19;1013,3;1013,5;1013,3;0,5;30;2,8;;0
26/08/2024;60400;04:00;01:00;23,6;22,1;22,1;85;86;76;19,5;19,7;18,9;1012,8;1013,3;1012,8;0,7;329;1,7;;0
26/08/2024;60500;05:00;02:00;22,5;22,3;22;87;87;85;20;20;19,5;1012,4;1012,8;1012,4;0,4;350;2,2;;0
26/08/2024;60600;06:00;03:00;22,5;22;22;91;91;87;20,4;20,6;20;1012,1;1012,4;1012;0,5;40;2;;1
26/08/2024;60700;07:00;04:00;22;21,9;21,6;91;92;91;20,4;20,5;20,2;1011,9;1012,1;1011,9;0,5;3;2,2;;0
26/08/2024;60800;08:00;05:00;22,5;22,5;21,9;88;91;88;20,4;20,8;20,2;1012,1;1012,1;1011,8;0,5;34;1,5;;0
26/08/2024;60900;09:00;06:00;22,5;22,3;22;87;88;86;19,9;20,3;19,6;1012,2;1012,2;1012,1;0,5;334;1,7;4,1;0
26/08/2024;61000;10:00;07:00;23,3;23,2;22,3;91;91;86;21,6;21,7;20;1013;1013;1012,2;0,6;26;3,9;230,6;0,6
26/08/2024;61100;11:00;08:00;25;25;23,1;81;91;81;21,5;22,3;21,4;1013,1;1013,1;1013;1;64;3;796,8;0
26/08/2024;61200;12:00;09:00;26,1;25,9;24,8;75;81;70;21,1;21,8;20;1013,4;1013,4;1013,1;0,9;90;3,4;1358,3;0
26/08/2024;61300;13:00;10:00;27,8;27,5;25,9;67;76;64;20,9;21,5;19,7;1013,1;1013,4;1013,1;1,1;107;4,5;2349,9;0
26/08/2024;61400;14:00;11:00;28,4;27,7;27,1;65;70;63;20,6;21,9;20;1012,7;1013,1;1012,7;1,4;74;4,2;2586;0
26/08/2024;61500;15:00;12:00;28,5;27,7;26,9;60;68;58;19,3;21,2;18,1;1011,8;1012,7;1011,8;1,3;63;5,2;2398,6;0,2
26/08/2024;61600;16:00;13:00;28,6;28,2;27,1;63;67;60;20,4;21,1;19,3;1011;1011,8;1011;1,3;105;5,7;2545,4;0
26/08/2024;61700;17:00;14:00;29,1;28,2;27,9;60;65;59;19,7;21,5;19,7;1010,3;1011;1010,3;1,6;129;6,5;2537,5;0
26/08/2024;61800;18:00;15:00;28,7;27,3;26,7;65;66;60;20;21;19,3;1009,9;1010,3;1009,8;1,5;137;6;1812,8;0
26/08/2024;61900;19:00;16:00;27,7;26,7;26,6;65;66;62;19,7;20,4;19,1;1010;1010,1;1009,9;1,2;110;4,9;1479,9;0
26/08/2024;62000;20:00;17:00;26,7;25,1;25,1;70;71;65;19,3;20,1;19,3;1010,5;1010,5;1010;1,3;108;4,8;504,9;0
26/08/2024;62100;21:00;18:00;25,2;24,5;24,5;72;73;70;19,2;19,4;19,1;1010,8;1010,8;1010,4;1,1;111;5,5;17,9;0
26/08/2024;62200;22:00;19:00;24,7;24,3;24,1;74;75;72;19,4;19,5;19,2;1011,4;1011,4;1010,8;0,8;91;4,2;;0
26/08/2024;62300;23:00;20:00;24,4;23,9;23,9;74;75;72;19;19,4;19;1012,4;1012,4;1011,4;0,7;149;3,5;;0
27/08/2024;62400;00:00;21:00;23,9;23,6;23,5;78;78;74;19,4;19,4;19;1012,8;1012,8;1012,4;0,6;101;3,2;;0
27/08/2024;62500;01:00;22:00;23,8;23,6;23,6;78;78;76;19,5;19,6;19,3;1013,2;1013,2;1012,8;0,7;87;2,8;;0
27/08/2024;62600;02:00;23:00;23,7;23,4;23,3;79;79;76;19,5;19,6;19,2;1013,4;1013,5;1013,2;0,5;146;3,5;;0
27/08/2024;62700;03:00;00:00;23,5;23,3;23,3;80;81;79;19,7;19,9;19,5;1012,9;1013,5;1012,9;0,6;113;3,3;;0
27/08/2024;62800;04:00;01:00;23,7;23,7;23,2;79;81;79;19,9;19,9;19,7;1012,3;1012,9;1012,3;0,9;122;3,3;;0
27/08/2024;62900;05:00;02:00;23,7;23,4;23,4;78;81;78;19,4;20;19,4;1011,9;1012,3;1011,9;0,8;123;3,4;;0
27/08/2024;63000;06:00;03:00;23,6;23,6;23,1;80;81;78;20;20;19,4;1012,1;1012,1;1011,8;0,7;121;2,8;;0
27/08/2024;63100;07:00;04:00;23,7;23,2;23,1;78;80;77;19,1;20;19;1012,3;1012,3;1012,1;0,8;131;3,6;;0
27/08/2024;63200;08:00;05:00;23,7;23,7;23;77;79;76;19,5;19,5;18,9;1012,8;1012,8;1012,3;0,9;137;4,3;;0
27/08/2024;63300;09:00;06:00;24;23,9;23,6;76;80;76;19,5;20;19,4;1013,4;1013,4;1012,8;1,1;120;4,3;7,4;0
27/08/2024;63400;10:00;07:00;24;23,9;23,5;77;77;75;19,7;19,7;19;1014,2;1014,2;1013,4;1;149;4,3;113,2;0
27/08/2024;63500;11:00;08:00;26,2;25,9;23,9;67;78;66;19,3;20,7;19;1015,1;1015,1;1014,2;1,6;140;5,1;902,7;0
27/08/2024;63600;12:00;09:00;27,1;26,9;25,9;63;68;61;19,2;20;18,8;1015,9;1015,9;1015,1;1,3;154;5,7;1865,3;0
27/08/2024;63700;13:00;10:00;28;27,2;26,9;61;66;60;19;20,8;19;1016;1016;1015,9;1,6;161;5,4;2322,5;0
27/08/2024;63800;14:00;11:00;27,3;26,8;26,7;63;66;60;19;19,9;18,6;1015,6;1016;1015,6;1,3;144;6,1;1467,7;0
27/08/2024;63900;15:00;12:00;28,8;28,8;26,7;60;65;57;20,2;20,3;18,7;1014,8;1015,6;1014,8;1,8;169;6,1;2310,9;0
27/08/2024;64000;16:00;13:00;29;28,2;27,2;61;65;57;19,9;20,9;18,7;1013,8;1014,8;1013,8;1,5;163;6,1;2785,3;0
27/08/2024;64100;17:00;14:00;29,1;28,4;27,8;59;62;57;19,6;20,7;18,8;1013,2;1013,8;1013,2;1,7;165;5,1;2526;0
27/08/2024;64200;18:00;15:00;28,6;27,8;27,8;60;62;55;19,3;19,9;18,6;1013,1;1013,2;1013;1,5;165;5;2084,7;0
27/08/2024;64300;19:00;16:00;28;26,7;26,7;64;66;60;19,4;20,1;19,2;1013,2;1013,2;1013,1;1,4;152;6,1;1468,6;0
27/08/2024;64400;20:00;17:00;26,8;25,3;25,3;73;73;63;20,1;20,2;19,2;1013,4;1013,4;1013,2;1,3;158;5,3;509,6;0
27/08/2024;64500;21:00;18:00;25,3;25,1;25;74;76;73;20,1;20,5;20,1;1013,7;1013,7;1013,3;1,4;158;5,2;21,6;0
27/08/2024;64600;22:00;19:00;25,1;24,8;24,8;74;75;73;19,9;20,1;19,8;1013,9;1013,9;1013,7;1,3;149;6,2;;0
27/08/2024;64700;23:00;20:00;25,1;24,9;24,8;73;75;73;19,7;20,4;19,7;1014,9;1014,9;1013,9;1,4;143;5,4;;0
28/08/2024;64800;00:00;21:00;25;24,7;24,7;74;75;72;19,7;20,1;19,4;1015,2;1015,2;1014,9;1,3;135;5,5;;0
28/08/2024;64900;01:00;22:00;24,8;24,7;24,6;74;75;73;19,7;20,1;19,6;1015,2;1015,3;1015,1;1,5;146;6,3;;0
28/08/2024;65000;02:00;23:00;24,8;24,4;24,4;74;75;73;19,5;20;19,5;1015,2;1015,2;1015,2;1,3;135;5,3;;0
28/08/2024;65100;03:00;00:00;24,7;24,6;24,4;77;77;74;20,3;20,3;19,5;1014,7;1015,2;1014,7;1,1;155;5,3;;0
28/08/2024;65200;04:00;01:00;24,6;23,2;23;85;85;77;20,4;20,6;20,2;1014,5;1014,7;1014,5;1,1;130;5,9;;0,2
28/08/2024;65300;05:00;02:00;24;22,7;22,7;87;88;83;20,3;21;20,3;1014;1014,5;1014;1,3;135;5,6;;0,6
28/08/2024;65400;06:00;03:00;23,7;23,7;22,7;81;87;80;20,1;20,7;20;1013,7;1014;1013,7;1,7;143;6,7;;0
28/08/2024;65500;07:00;04:00;23,9;23,7;23,4;84;86;79;20,9;20,9;19,9;1013,9;1013,9;1013,7;1,1;112;5,9;;0
28/08/2024;65600;08:00;05:00;23,8;23,7;23,4;83;85;83;20,6;20,9;20,5;1014,2;1014,2;1013,9;1,4;123;5,7;;0
28/08/2024;65700;09:00;06:00;24,1;24;23,6;77;83;76;19,8;20,3;19,5;1014,5;1014,5;1014,2;1,5;140;6,6;7,6;0
28/08/2024;65800;10:00;07:00;24,3;24,3;24;77;79;77;20;20,2;19,7;1015,5;1015,5;1014,5;1,2;134;6,2;164,2;0
28/08/2024;65900;11:00;08:00;26,2;25,9;24,3;69;77;68;19,8;20,4;19,6;1016,2;1016,2;1015,4;1,6;144;5,2;1040,8;0
28/08/2024;66000;12:00;09:00;26,8;26,1;25,7;74;75;67;21,1;21,1;19,6;1017;1017;1016,2;1,4;168;5,3;1770,9;0
28/08/2024;66100;13:00;10:00;27,6;27,3;25,7;67;74;67;20,6;21,2;19,8;1016,9;1017;1016,9;1,6;170;5,4;2164;0,2
28/08/2024;66200;14:00;11:00;28,4;28,4;25,8;66;72;63;21,4;21,8;19,7;1016,4;1016,9;1016,4;1,5;171;5,4;2582,8;0
28/08/2024;66300;15:00;12:00;28,9;28,4;27,7;63;67;63;20,7;21,5;20,4;1015,7;1016,4;1015,7;1,5;168;5,2;3309,4;0
28/08/2024;66400;16:00;13:00;28,3;27,4;26,8;72;72;64;21,9;21,9;20,4;1015;1015,7;1015;1,9;167;7,1;2888;0
28/08/2024;66500;17:00;14:00;28,1;25,5;25,2;71;72;60;19,7;22,2;19,1;1014,4;1015;1014,4;1,7;169;6,4;1983,3;0
28/08/2024;66600;18:00;15:00;27,2;27;25,5;69;75;68;20,9;21,7;19,8;1013,9;1014,4;1013,9;1,2;167;5,5;1800;0
28/08/2024;66700;19:00;16:00;27,4;26,1;26,1;71;71;67;20,5;21,2;20,2;1014,2;1014,2;1013,9;1,2;154;4,9;1320,7;0
28/08/2024;66800;20:00;17:00;26,2;25,4;25,4;75;75;70;20,5;20,7;20,1;1014,6;1014,6;1014,2;1,2;159;5,1;356,2;0
28/08/2024;66900;21:00;18:00;25,3;24,6;24,6;81;82;75;21,1;21,5;20,4;1014,7;1014,8;1014,6;1,3;160;4,5;20,2;0
28/08/2024;67000;22:00;19:00;24,8;24,1;24;78;83;77;20;21,2;19,7;1015,1;1015,1;1014,7;1,2;136;5,4;;0
28/08/2024;67100;23:00;20:00;24,6;22,4;22,3;90;90;78;20,7;21,1;20;1015,7;1015,7;1015,1;0,7;145;6;;1
29/08/2024;67200;00:00;21:00;23,2;23,2;21,9;91;92;90;21,7;21,7;20,2;1016,1;1016,1;1015,7;1,5;139;4,9;;0
29/08/2024;67300;01:00;22:00;23,4;23,4;22,6;88;91;88;21,3;21,7;20,7;1016,3;1016,4;1016,1;1,4;152;5,1;;0
29/08/2024;67400;02:00;23:00;23,6;23,1;23;78;88;78;19;21,3;19;1015,8;1016,3;1015,8;1;137;5,7;0,1;0
29/08/2024;67500;03:00;00:00;24;24;23;82;82;78;20,8;20,8;19,1;1015,4;1015,9;1015,4;1,5;161;5,3;;0
29/08/2024;67600;04:00;01:00;24;22,2;22;92;92;81;20,9;20,9;20,2;1014,5;1015,4;1014,5;1;106;6,2;;0,6
29/08/2024;67700;05:00;02:00;22,5;22,5;22,1;94;94;92;21,5;21,5;20,9;1014,3;1014,5;1014,2;1,2;144;5,1;;2
29/08/2024;67800;06:00;03:00;22,6;22,3;22,1;95;95;94;21,5;21,6;21,2;1013,9;1014,3;1013,9;0,8;110;4,3;;0,4
29/08/2024;67900;07:00;04:00;22,7;22,3;22,2;95;95;94;21,4;21,8;21,3;1014,2;1014,2;1013,9;1,1;93;5,8;;0,2
29/08/2024;68000;08:00;05:00;22,5;22;21,8;95;96;95;21,2;21,7;21;1014,7;1014,7;1014,1;1,8;126;8;;1,6
29/08/2024;68100;09:00;06:00;22,4;22,2;22;95;95;94;21,3;21,6;21,1;1015,3;1015,3;1014,6;1,7;134;10,7;2,9;0,8
29/08/2024;68200;10:00;07:00;22,4;22;21,7;95;95;94;21,2;21,6;20,7;1015,8;1015,8;1015,2;1,1;117;11;128,6;1,6
29/08/2024;68300;11:00;08:00;22,7;22,7;21,9;95;96;95;21,9;21,9;21,1;1016,3;1016,4;1015,8;1,5;151;6,2;356,3;1,2
29/08/2024;68400;12:00;09:00;23,3;22,7;22,4;91;95;90;21,2;22;20,7;1017;1017,1;1016,3;1,7;151;9,8;554,5;0,2
29/08/2024;68500;13:00;10:00;24,4;23,1;22,7;90;91;86;21,4;22;20,8;1016,9;1017,1;1016,8;1,4;134;6,2;850,1;0,4
29/08/2024;68600;14:00;11:00;23,2;22,8;22,5;93;94;90;21,7;22,1;21;1016,7;1017,2;1016,7;1,4;124;6,9;720,9;4,6
29/08/2024;68700;15:00;12:00;24;23,9;22,8;88;93;87;21,8;22,3;21,5;1016;1016,8;1016;1,6;117;7;1309,6;0
29/08/2024;68800;16:00;13:00;24,3;23,5;23,5;82;89;82;20,3;22,3;20,3;1015,5;1016;1015,4;2,5;125;10,6;1076,9;0
29/08/2024;68900;17:00;14:00;23,6;23,1;22,9;91;91;82;21,6;21,6;20,3;1015;1015,5;1015;1,2;114;10,6;770,7;0
29/08/2024;69000;18:00;15:00;23,2;22,6;22,2;95;95;90;21,7;21,7;21,2;1014,7;1015;1014,7;1,5;106;8,2;416,1;3
29/08/2024;69100;19:00;16:00;22,6;22,2;22,1;95;95;94;21,3;21,6;21,1;1014,9;1014,9;1014,7;1,4;100;6,5;305,7;2,4
29/08/2024;69200;20:00;17:00;23;22,7;22;91;95;91;21,2;21,6;20,9;1015;1015,1;1014,8;2,3;160;10;167,1;0,4
29/08/2024;69300;21:00;18:00;23,1;22,8;22,5;92;92;89;21,5;21,5;21,1;1015,4;1015,4;1015;1,8;155;10;8,4;1,2
29/08/2024;69400;22:00;19:00;23,5;23,5;22,7;89;93;89;21,5;21,8;21,5;1015,4;1015,4;1015,1;2,7;156;8,6;;0,4
29/08/2024;69500;23:00;20:00;23,5;22;21,8;94;94;87;20,9;21,4;20,5;1016,2;1016,3;1015,4;1,9;115;8,3;;1
30/08/2024;69600;00:00;21:00;22,4;22,3;21,9;93;94;93;21,1;21,3;20,8;1016,4;1016,5;1016,2;1,5;141;8,6;;0
30/08/2024;69700;01:00;22:00;22,9;22,7;22,4;90;93;89;20,9;21,4;20,9;1016,6;1016,7;1016,4;1,5;148;6,5;0,7;0
30/08/2024;69800;02:00;23:00;23,2;23,1;22,7;85;90;83;20,5;21,1;20;1016,3;1016,6;1016,3;1,9;174;6,9;0,7;0
30/08/2024;69900;03:00;00:00;23,3;23;22,4;85;91;85;20,3;21;20,3;1015,6;1016,3;1015,6;2,5;178;8,6;0,5;0,2
30/08/2024;70000;04:00;01:00;23;21,8;21,8;90;91;85;20;20,5;19,9;1014,9;1015,6;1014,9;1,6;126;8,9;;1
30/08/2024;70100;05:00;02:00;22,2;21,6;21,4;91;91;88;20,1;20,5;19,6;1013,8;1014,9;1013,8;1,8;138;7;;0,8
30/08/2024;70200;06:00;03:00;23,2;23,2;21,7;81;91;81;19,7;20,3;19,5;1013,4;1013,8;1013,4;2,9;162;9,5;3,7;0
30/08/2024;70300;07:00;04:00;23,6;23,4;23;78;82;77;19,3;19,9;19,1;1013,5;1013,5;1013,3;3,1;172;8,4;4,5;0
30/08/2024;70400;08:00;05:00;23,6;21,8;21,7;90;90;76;20,1;20,1;18,8;1013,9;1014;1013,5;1,4;133;8,3;;0,4
30/08/2024;70500;09:00;06:00;22,3;21,8;21,7;87;90;86;19,6;20,2;19,5;1014,7;1014,7;1013,9;1,9;152;6,7;;0,2
30/08/2024;70600;10:00;07:00;22;21,6;21,5;92;92;87;20,2;20,5;19,6;1015;1015,1;1014,6;1,7;167;6,8;57,2;0,8
30/08/2024;70700;11:00;08:00;22;21,8;21,6;94;94;92;20,7;20,7;20,3;1015,4;1015,5;1014,9;0,8;120;8,2;180;2
30/08/2024;70800;12:00;09:00;22,3;22,3;21,4;96;96;94;21,5;21,5;20,5;1016;1016;1015,4;1,2;104;5,3;372,4;8,8
30/08/2024;70900;13:00;10:00;22,6;22,5;22;95;96;95;21,7;21,9;21,2;1015,9;1016,2;1015,9;0,9;109;7,1;872,2;1,4
30/08/2024;71000;14:00;11:00;22,7;22,5;22,2;95;96;95;21,7;22;21,4;1014,9;1015,9;1014,9;2,4;168;6,9;961,1;1,6
30/08/2024;71100;15:00;12:00;23,7;23,4;22,4;92;96;91;22;22,6;21,6;1014;1014,9;1014;2,6;176;8,9;1504;0
30/08/2024;71200;16:00;13:00;23,5;22,7;22,2;95;95;92;21,8;22,1;21,2;1013,3;1014;1013,3;1;165;8,2;1076,3;2,6
30/08/2024;71300;17:00;14:00;24,4;23,3;22,5;93;95;91;22,2;23,3;21,5;1012,5;1013,4;1012,5;0,8;111;5;1601,4;1,2
30/08/2024;71400;18:00;15:00;24;22,6;22,6;92;94;92;21,3;22,9;21,3;1012,2;1012,5;1012,2;1,1;144;5,1;1182,3;0
30/08/2024;71500;19:00;16:00;23,1;22,6;22,5;94;94;92;21,6;21,9;21,2;1012,2;1012,3;1012,1;1,1;94;5,5;545,4;1,6
30/08/2024;71600;20:00;17:00;22,6;22;22;95;96;94;21,2;21,6;21,1;1012,2;1012,4;1012,2;1,7;141;6,6;132,5;3,2
30/08/2024;71700;21:00;18:00;22,2;22;21,9;96;96;95;21,3;21,5;21,2;1012,5;1012,5;1012,2;1,2;106;6,7;11,1;0,2
30/08/2024;71800;22:00;19:00;22,1;21,9;21,7;96;96;96;21,2;21,4;20,9;1012,9;1012,9;1012,5;1,5;102;7,2;;0
30/08/2024;71900;23:00;20:00;22;22;21,7;96;96;96;21,3;21,3;21;1013,3;1013,4;1012,9;1,5;150;7,6;;1,4
31/08/2024;72000;00:00;21:00;22,2;21,7;21,7;96;96;96;21;21,6;21;1013,6;1013,7;1013,3;1,6;146;7,1;;1,6
31/08/2024;72100;01:00;22:00;22,4;21,9;21,6;95;96;94;21;21,5;20,9;1013,8;1013,9;1013,5;1,3;132;7,2;;0,6
31/08/2024;72200;02:00;23:00;22,7;22;21,9;94;95;93;20,9;21,5;20,9;1013,5;1013,7;1013,5;1,2;135;6,1;;0,8
31/08/2024;72300;03:00;00:00;22;21,9;21,7;95;96;94;21,1;21,2;20,8;1013;1013,6;1013;1,4;147;7,6;;2,2
31/08/2024;72400;04:00;01:00;22,1;21,6;21,6;96;96;95;20,8;21,4;20,8;1012,3;1013;1012,3;1;102;4,8;;1
31/08/2024;72500;05:00;02:00;22,1;22;21,5;96;96;96;21,2;21,4;20,8;1011,7;1012,3;1011,6;1,6;120;8,5;;0,4
31/08/2024;72600;06:00;03:00;22,1;21,8;21,7;96;96;95;21,1;21,4;20,9;1011,6;1011,7;1011,4;1,1;131;8,5;;1
31/08/2024;72700;07:00;04:00;22,1;22;21,6;96;96;95;21,3;21,4;20,8;1011,3;1011,7;1011,3;1,2;138;8,2;;1,4
31/08/2024;72800;08:00;05:00;22;21,9;21,6;96;96;95;21,2;21,2;20,9;1012;1012;1011,3;1;105;5,1;;2,6
31/08/2024;72900;09:00;06:00;22,2;22,2;21,7;96;96;96;21,5;21,5;21;1012,3;1012,3;1012;1,2;146;7,9;8;1,2
31/08/2024;73000;10:00;07:00;22,7;22,1;21,9;94;96;94;21,1;21,8;21,1;1012,9;1013;1012,3;2;123;6,4;96,1;1,6
31/08/2024;73100;11:00;08:00;22,8;22,8;22;96;96;94;22;22;21,1;1013,4;1013,4;1012,9;1,2;140;6,4;348,5;2,8
31/08/2024;73200;12:00;09:00;23;22,6;22,2;96;96;95;21,9;22,3;21,4;1014;1014,2;1013,4;1;100;5,3;449,8;4,8
31/08/2024;73300;13:00;10:00;23,3;23,3;22,2;96;96;95;22,6;22,6;21,5;1014,3;1014,6;1014;0,9;101;6;621,5;2,4
31/08/2024;73400;14:00;11:00;25,3;25,2;23,2;89;96;89;23,4;23,7;22,2;1013,6;1014,3;1013,6;1,3;131;6,3;1933,4;0
31/08/2024;73500;15:00;12:00;25,6;23,5;23,5;91;92;85;22;23,6;21,7;1013,4;1013,7;1013,4;1,4;108;5,7;1544,6;0,4
31/08/2024;73600;16:00;13:00;23,5;22,8;22,7;92;94;91;21,5;22,3;21,4;1012,9;1013,4;1012,9;1,4;156;7,4;1341,4;0,2
31/08/2024;73700;17:00;14:00;24,1;24,1;22,7;92;95;92;22,8;23,2;21,5;1012;1012,9;1012;1,3;144;5,4;1443,6;1,6
31/08/2024;73800;18:00;15:00;25,5;24,6;24,1;87;93;85;22,3;23;21,8;1011,6;1012;1011,5;1,7;137;6,2;1766,2;0
31/08/2024;73900;19:00;16:00;24,8;22,8;22,6;93;93;85;21,6;22,6;20,8;1011,8;1011,8;1011,6;1,3;156;6,2;747,6;0,2
31/08/2024;74000;20:00;17:00;23,2;23,2;22,6;90;93;90;21,5;21,8;21,2;1011,9;1012;1011,8;1,5;133;6,7;307;0
31/08/2024;74100;21:00;18:00;23,4;23;22,9;91;91;89;21,4;21,7;21,2;1012,4;1012,4;1011,9;0,9;114;6,5;35,3;0
31/08/2024;74200;22:00;19:00;23,3;23,3;22,9;86;92;86;20,9;21,6;20,9;1012,6;1012,6;1012,4;1,1;128;4,5;;0
31/08/2024;74300;23:00;20:00;23,4;23,3;23,1;89;90;85;21,3;21,6;20,5;1013,2;1013,2;1012,6;0,9;71;4,4;;0
